9552	[0.5134152160438974, 0.99978772746594, 0.8046480704666357, 0.7895646393714592, 0.10066894506057784, -0.26699042169830073]
9553	[0.4134297434840307, 0.987050105080303, 0.6735119564882166, 0.6838384144814151, 0.1245786649074236, 0.23857023792901694]
9554	[0.2120010812008114, 1.3113404532170625, 0.919371891509096, 0.8896016095966437, 0.17105039767839603, -0.8525513132026366]
9555	[0.27312606612497636, 1.069546129995051, 0.6638317062095616, 0.660343181124189, 0.1616345476045479, 0.06447885297586103]
9556	[0.27541159267839455, 1.0843221560788674, 0.7364893081720141, 0.7172565250285625, 0.1540075177640094, -0.4123964926317733]
9557	[0.40656093934850757, 1.0391721324817613, 0.7817601536085592, 0.7657842675634278, 0.1366753230378857, -0.36960554790780775]
9558	[0.22210081101867907, 1.1645819949379257, 0.7085641215335532, 0.6841707669384524, 0.20321189219088093, -0.12758716932670217]
9559	[0.23364839336695786, 1.0142588722692523, 0.6131202878182882, 0.6201560318886075, 0.18438653204242444, 0.10548218172793232]
9560	[0.5011753930029639, 1.054207697189558, 0.7549267895191518, 0.7516969477931715, 0.10338348558260443, 0.0018553542391662218]
9561	[0.2402939786132925, 1.0040280932796786, 0.9541986560388583, 0.9264435322363676, 0.08743202010403842, -3.7467901594730524]
9562	[0.2428574177882934, 0.9901799269974021, 0.6906794483557621, 0.6633501217314358, 0.17654048785383664, -0.31738460501752147]
9563	[0.35458066110658704, 1.0119443873758402, 0.7555785625594427, 0.7386853199539748, 0.1340875686670222, -0.34062892666747846]
9564	[0.3753545656750139, 1.0036627865190557, 0.7450608065411837, 0.724683956432103, 0.15918252318490245, -0.21884368123515807]
9565	[0.36969988428949063, 1.0456906575900884, 0.6590465807454984, 0.6752422239761746, 0.1462901377096034, 0.2938280765619025]
9566	[0.24288755155111963, 1.0325688835505265, 0.7122001501662045, 0.6991238139509471, 0.18398171877316247, -0.24464308963704418]
9567	[0.18090277504421015, 1.1117021272144918, 0.870551895962874, 0.8382714169561826, 0.15780403733849402, -1.5115163043570308]
9568	[0.3104600323012624, 1.1142712762012257, 0.6572006825859875, 0.6574883370603263, 0.15071520705502953, 0.19938188485991434]
9569	[0.29595254724223863, 1.1372995380798878, 0.8380535473707258, 0.8144793709847525, 0.15813275769677027, -0.7536734258334494]
9570	[0.24859563985849953, 1.2435044978911038, 0.7079705741706652, 0.7158765317015657, 0.20206920017742758, 0.13934061673612122]
9571	[0.25382913839050236, 1.0234548831754926, 0.6811140977365979, 0.6628484563195693, 0.15821327661640944, -0.11439864944983132]
9572	[0.3940278456352201, 1.2499193383762237, 0.9002258838474062, 0.8907882837263136, 0.11936858636187736, -0.6165035284671807]
9573	[0.3934411234944366, 1.0140553673622053, 0.6985666521553979, 0.6871972796333878, 0.1477281309918762, 0.041566085365228336]
9574	[0.4189235641698831, 1.0350701819638335, 0.7219111367811637, 0.7146592819833506, 0.12621824431563494, -0.028677308695694275]
9575	[0.38691235128591395, 1.0372616868066158, 0.8097422402915272, 0.7832929500998886, 0.140833434240799, -0.4607085644458073]
9576	[0.1059224562773019, 1.0663978850521292, 0.6343551389964329, 0.6111567888314647, 0.2233787114480841, -0.13060146372542125]
9577	[0.2911482366807189, 0.9942310250089993, 0.6749087062910183, 0.6664607410635761, 0.1523904932663782, -0.026098394051338576]
9578	[0.2967003262728194, 1.086050009545969, 0.7166769514454356, 0.7109640982561659, 0.14744928450556002, -0.0855324688826363]
9579	[0.27873993205685765, 1.1299076924359597, 0.6933019464919141, 0.6812152149146653, 0.1726876746431018, -0.019421174877460905]
9580	[0.6723791896747477, 1.0644077351392973, 0.9274561795871321, 0.9166977126937751, 0.06286168526556354, -0.7478887385209408]
9581	[0.23743882240753122, 1.0829554204819398, 0.6027939881362125, 0.6154365840274616, 0.17904169238624984, 0.2411898048886473]
9582	[0.20505864990790812, 0.9979657380882364, 0.6721079867796401, 0.6481566564621465, 0.18210811722230477, -0.2830353134861691]
9583	[0.39132706311889986, 1.053703046343894, 0.6938911794113963, 0.6931250479604288, 0.13110514372993087, 0.16101825152054117]
9584	[0.24993243910542162, 1.0823666912258185, 0.8019059875178496, 0.7694713601536007, 0.17966104444748904, -0.6421100632127377]
9585	[0.3640505849105977, 1.087671537920952, 0.8185877737800217, 0.7942106094750667, 0.1369213664518177, -0.713893476179273]
9586	[0.31768155091388506, 1.0003033437496682, 0.6661829192400708, 0.6651781788342056, 0.141070429291474, 0.0756021808882962]
9587	[0.22784721459697277, 1.1281043134460653, 0.7003428876236695, 0.683538081816756, 0.17220745705733037, -0.31109433339543824]
9588	[0.3745825863062542, 1.0302395355850609, 0.6934922981944887, 0.7005761811282339, 0.1379712302033976, 0.02125528235593144]
9589	[0.3869024773685801, 1.0262395243181728, 0.7553636376032166, 0.7423979817462285, 0.13930947859524734, -0.21941925282635225]
9590	[0.3987536298083627, 1.000847791867787, 0.7126703403698535, 0.7057717847071044, 0.14100925820741592, -0.1340600064497415]
9591	[0.27131678935341164, 1.0113850076392812, 0.6663199559354722, 0.6692789179995342, 0.16211754047655733, -0.019104527414908548]
9592	[0.27063551122340856, 0.9942868330994463, 0.7255789156273231, 0.6931481560069521, 0.1646072093077059, -0.4375882784319457]
9593	[0.22767345705733266, 1.0827900774652008, 0.8437921876382977, 0.8146792948865222, 0.15849499481082427, -1.045517584201531]
9594	[0.7021560339530277, 1.1730593929278945, 0.9665640839766667, 0.9635898112817693, 0.046603830442089766, -0.5598042517366819]
9595	[0.17517700805053538, 1.0121715907960522, 0.70925178928504, 0.6754918345785309, 0.18831271025433982, -0.41891300069631565]
9596	[0.5624024722703346, 1.056374008175122, 0.86735457426682, 0.8516671044408803, 0.09290275464058888, -0.5071797758101253]
9597	[0.3274019346787683, 0.9861811924194807, 0.665984437098687, 0.6631167562732554, 0.14750152088290158, -0.006419535400208097]
9598	[0.2927860222301445, 1.0211057297072526, 0.6727140661744646, 0.664711989563978, 0.17984597423300006, -0.026566462775138355]
9599	[0.2854057725323931, 1.0206237797440512, 0.6346062509241777, 0.6395221306593161, 0.16670738371394334, 0.16669859870684214]
9600	[0.28510404120939203, 1.0186427594495435, 0.6466220723152489, 0.6428875478777625, 0.1677675022610338, 0.0425334168506723]
9601	[0.16454217003766258, 1.0043885511725663, 0.5845937560038466, 0.5992034438059175, 0.18742196009299844, 0.12247882490912339]
9602	[0.3330919706710639, 1.1168069135426413, 0.6799370806932837, 0.6865397567476693, 0.17762381889705503, 0.1084319267521986]
9603	[0.2549287763587149, 0.9822319829912108, 0.6100563370534872, 0.6185213377581171, 0.15076597651158924, 0.1618361681707018]
9604	[0.31306365263236235, 0.9965900165118107, 0.7100278858211351, 0.6950183125678807, 0.15370700650866467, -0.16260453472216788]
9605	[0.44739284175748306, 1.0378391832785412, 0.7462848435425757, 0.7394247216892582, 0.12368555867304577, -0.12357978494982418]
9606	[0.16138165833674634, 1.0717345424558906, 0.6406398491451839, 0.6386773357421589, 0.2074019633926246, 0.002305864934430795]
9607	[0.2235820675291168, 0.9988398409946287, 0.6081071261263509, 0.6131870493421551, 0.1651518212560987, 0.10960125751097363]
9608	[0.2263727876730286, 1.0467290728664487, 0.6141618478515626, 0.6164081944693593, 0.1657456656301931, 0.1468256319998945]
9609	[0.2644789990355678, 1.040433723265667, 0.7477392218219235, 0.718274777402818, 0.17969010741067698, -0.4425835648264093]
9610	[0.42606461216897906, 1.1228570572114638, 0.8160791347447884, 0.7995691054666398, 0.13569837276357283, -0.46281211451344895]
9611	[0.24981378687195555, 1.039059082336058, 0.7871352153311849, 0.7523607523017909, 0.17798640789040357, -0.6252034211285805]
9612	[0.29034230173686126, 1.0165305797830757, 0.6991459769526196, 0.685082545644001, 0.14816517037824364, -0.2789905784486491]
9613	[0.1836288040951457, 1.000412952450106, 0.7400250901577861, 0.7043778481217603, 0.18399511901455068, -0.6892755619328257]
9614	[0.36751461099676075, 0.9948783314744037, 0.7227134772308401, 0.7281527632265925, 0.13135446155721828, -0.07500516619283026]
9615	[0.20555972054400706, 1.0158270177058502, 0.8089998404736853, 0.7660550309862115, 0.15652414974845658, -1.0420111447171185]
9616	[0.5547309117926127, 1.0991431403083378, 0.8003602929890585, 0.8088803530137244, 0.1015066066828571, 0.28809231170914673]
9617	[0.17578063003827205, 1.0023483715572237, 0.8775914484939096, 0.8440458467685886, 0.13028015838742218, -2.6041256614924655]
9618	[0.15796339347374622, 1.1095863378460935, 0.7314855785279746, 0.6878750342323392, 0.18092956854998923, -0.7130370179023492]
9619	[0.4484456497897724, 1.0179956371574002, 0.8302380298644954, 0.8161048119887672, 0.10758795445719038, -0.5760006825440848]
9620	[0.22441308908663316, 1.0449050730989937, 0.5990134922076936, 0.6140372398771052, 0.17296389620903982, 0.23541629519811044]
9621	[0.27271008601393476, 1.0057833474584739, 0.6234222885028935, 0.6251011586637698, 0.15791758607613932, 0.12900131620791405]
9622	[0.3026602996516714, 1.0567373446860278, 0.6708692800086642, 0.6663853329821723, 0.1862560529768693, 0.060593432763849715]
9623	[0.4296337825971678, 1.0314874914537535, 0.727773694686557, 0.726649713943881, 0.11989085601613068, 0.05689705190419925]
9624	[0.4671714539071644, 1.070512904815619, 0.8570731717232882, 0.8371667552757127, 0.12043043646044804, -0.7502855706917366]
9625	[0.20845613188802525, 1.0527436410727657, 0.6574973008167068, 0.6583446067523272, 0.2016306446912598, -0.055303445188790885]
9626	[0.5013202579356357, 1.0399054670196772, 0.7919660458902833, 0.7807367166983552, 0.10914847726408691, -0.27145666296788656]
9627	[0.3713971092596601, 1.0065528584353853, 0.7528580384724872, 0.7383270542918132, 0.15149857297115743, -0.2778136540793625]
9628	[0.3926348106189864, 1.0237303420791637, 0.7574557340850787, 0.7338859137988912, 0.15011740289463435, -0.30947203332810086]
9629	[0.30125915049310603, 1.0508801764915345, 0.7631800758831259, 0.7504604067784673, 0.1652347359060908, -0.370772876812936]
9630	[0.361391827336218, 1.0530456814976066, 0.6773432934313828, 0.6827068181546486, 0.1541356976997431, 0.2403375981961917]
9631	[0.27816204099746933, 0.9974181847253473, 0.7529038237399439, 0.7426591029441142, 0.12886060812967273, -0.4087784810227665]
9632	[0.29155375416813545, 1.0621285112540853, 0.6447719898327668, 0.6428165800422874, 0.14836800520905774, 0.05400290786388492]
9633	[0.25235072424522076, 1.0205755771423166, 0.8440924995290082, 0.8123949137035315, 0.15144811966350225, -1.314605571279896]
9634	[0.23405917256363473, 1.0547524717916907, 0.6156169491951142, 0.6275555795909402, 0.19468215288979976, 0.16583155005229452]
9635	[0.33013616481142316, 0.9903758957837737, 0.644705869900704, 0.6453375709023489, 0.14708270546562444, 0.13229389281830015]
9636	[0.524537664203599, 1.0557433220923995, 0.8726403517830097, 0.8493926864479556, 0.11194063983886007, -0.7430631645503065]
9637	[0.31598466136121295, 1.0879101110968663, 0.647118358145292, 0.6598286523601472, 0.15833050728947085, 0.10323689208813092]
9638	[0.24855320924626056, 1.0465097183785255, 0.6806754826370712, 0.6597913337793295, 0.1639283145301296, -0.17382440717649209]
9639	[0.26467826428225405, 1.0483040409174813, 0.65642171292373, 0.6521792722705896, 0.1867269636326387, 0.03184580265149787]
9640	[0.3923786275485003, 1.0172733706552737, 0.7201305529264542, 0.7087282133788465, 0.13403535888578502, -0.14574454627133884]
9641	[0.19918955890470558, 1.0180739869454976, 0.6450217314551492, 0.6369082389237682, 0.17249225076366487, -0.08233139676738689]
9642	[0.26454518777377467, 0.987970223653987, 0.614145657009977, 0.6240319887257946, 0.14953503996918024, 0.22816172105845095]
9643	[0.8120759860861926, 1.041370265047068, 0.9789253807478755, 0.9735418686993924, 0.02775968296217186, -1.22546315463846]
9644	[0.13790841274306054, 1.0341820810666142, 0.9012215991842287, 0.8592423426412042, 0.14743127892706243, -2.3044759439571867]
9645	[0.2278149123605625, 1.1576467628027407, 0.8411240253345602, 0.8156669114375193, 0.17503674923509718, -0.5792214686496004]
9646	[0.2120010812008114, 1.2406118432711262, 0.9336774675569834, 0.9001388446951316, 0.1508180473584233, -1.0341123094005675]
9647	[0.26515607437215705, 1.0233290764193328, 0.6803505261352953, 0.6660498687973258, 0.18003924891795606, -0.07389991195281213]
9648	[0.22408728952637347, 1.0375036998919664, 0.7650835865748873, 0.7260700102773526, 0.16091968585398947, -0.824788031070088]
9649	[0.5105799817819279, 1.1451731509684981, 0.81151950403775, 0.822399735326943, 0.11343352477754882, 0.3407558453806656]
9650	[0.3521958104907421, 1.131383746985488, 0.8404184714137233, 0.8046985959538836, 0.15608761040533078, -0.5963241351741606]
9651	[0.2816507949989334, 1.1049574463767893, 0.6651420874024064, 0.6666689335891736, 0.1648780636353822, 0.1452374711456138]
9652	[0.2844304311099338, 1.005860474317492, 0.7069629021556472, 0.6891570142368463, 0.15407882899540437, -0.2579948542396285]
9653	[0.33773763980824156, 1.040029838321747, 0.6689247082263337, 0.6631953423387118, 0.16679549655348344, 0.11486909496743215]
9654	[0.47794144953419815, 1.053075102233113, 0.7561978093091456, 0.7567289769004594, 0.11357187774270551, 0.03696434440194882]
9655	[0.14656116123494212, 1.0614517049241317, 0.6801431831866984, 0.6444285990981288, 0.20779820479911132, -0.2884388113354711]
9656	[0.2360753521015101, 1.0894477079330604, 0.6802178987218921, 0.6551137136224994, 0.1884601611067852, -0.15403656404408864]
9657	[0.38144233780783465, 1.0680673146029396, 0.8122496807635659, 0.7893732466628546, 0.1334337822097194, -0.5296861757272117]
9658	[0.33706151557138964, 1.0617035102119812, 0.6689294939498281, 0.6848039785964752, 0.14438687827546834, 0.3342768675656917]
9659	[0.4341171726037881, 1.05315747777289, 0.8005890414774717, 0.7926808006218775, 0.0989803000166831, -0.3968642159684743]
9660	[0.32962365394645377, 1.0032594518717588, 0.6907231011196369, 0.6772794452229882, 0.1657670164357465, -0.12763398581646268]
9661	[0.2333174749282093, 0.9936783406239614, 0.6211343343076126, 0.6291532016033566, 0.1522044466840389, 0.1943971359036291]
9662	[0.4181300556069577, 1.018744726762865, 0.8080018562813461, 0.7895686238930897, 0.12505607262717652, -0.46553419527301926]
9663	[0.30389580176306286, 1.0074309341942642, 0.7195500022426916, 0.7139644741409316, 0.14853738071906353, -0.18605902738020008]
9664	[0.3762651266232011, 1.027133233074497, 0.7768391117101751, 0.7567231724686792, 0.13906941399959458, -0.38946838089553615]
9665	[0.10290883645282922, 1.000128788945232, 0.942541636981076, 0.9147365180845747, 0.10087560105104826, -4.2346421132026615]
9666	[0.28491846126776077, 1.048834140630805, 0.6950068922007101, 0.6790382730034249, 0.14595053075362274, -0.10171166976951664]
9667	[0.38776443332911736, 1.0954928201697218, 0.854124020116853, 0.8416025608168303, 0.11134258773134423, -0.6465044997594066]
9668	[0.25431711540408364, 1.2454455064890106, 0.971598241606209, 0.9610783878013247, 0.11651473071052722, -1.0544940546372965]
9669	[0.24346795105782448, 0.9951047474623811, 0.6129163145300022, 0.6137791317301771, 0.1627359238606836, 0.11494045272318701]
9670	[0.2984982115390171, 1.021689075137247, 0.6646398921229011, 0.6557536209399867, 0.15466735910725285, -0.08750701825661564]
9671	[0.5017515456262878, 1.0043544745670792, 0.8354616544573696, 0.8193551249515015, 0.09735006314133601, -0.48687202667645324]
9672	[0.1915105533006427, 1.0634220424940812, 0.7727895420188715, 0.726132243280863, 0.17388765109565962, -0.9061437226831591]
9673	[0.23664798807338583, 1.1069166631108294, 0.6143920926263116, 0.6390179540151966, 0.18116997480913524, 0.29184972614093635]
9674	[0.19918955890470558, 1.0101895015578504, 0.6247673602448638, 0.6237458074719926, 0.179233715154492, -0.06698240673287431]
9675	[0.4822181912044512, 1.0148279025669702, 0.8347599164246693, 0.812280210966091, 0.10960724507155248, -0.5886508891821516]
9676	[0.1059224562773019, 1.032219415039711, 0.6475889038434777, 0.6228020241741018, 0.2075125936741132, -0.15924310674418224]
9677	[0.14593518231655955, 1.096571424109887, 0.6696540073889209, 0.6576863362483653, 0.2228675276763699, -0.17544359030815013]
9678	[0.25382913839050236, 1.0017219992030655, 0.6407725095581749, 0.639461822353381, 0.16519406401822548, 0.004358314740089397]
9679	[0.21680655864854492, 1.068853444683719, 0.6672353053310912, 0.6590290526395937, 0.1700897343073457, -0.1035093146977641]
9680	[0.37264381350850584, 1.060159983818511, 0.755788516623786, 0.7446258458210238, 0.15015805540128702, -0.26875516434249835]
9681	[0.27438380567255716, 1.1766702575220984, 0.7514051809412677, 0.7393748637955448, 0.18807986430797805, -0.17182313971538846]
9682	[0.3210957932975955, 1.0163026760710734, 0.6452935432782679, 0.650608278481693, 0.1564623936519883, 0.15874804254695388]
9683	[0.1836288040951457, 1.0270926319850877, 0.762071973142114, 0.7248845294534898, 0.18580052910441752, -0.7264788577555913]
9684	[0.2407786568233543, 1.1515642362281822, 0.6812764065291886, 0.6802472268862598, 0.166014917111897, -0.024514837573977735]
9685	[0.23486988142600795, 1.0306456779831263, 0.7407462486710331, 0.7140359641690259, 0.17938226213720587, -0.5729875068115853]
9686	[0.3157301059155474, 1.1053096350469762, 0.6884095624222554, 0.6907561920662044, 0.15500101085398282, 0.11745707847380893]
9687	[0.38364662842489694, 1.1888640177561764, 0.8434256504997123, 0.8276870455306563, 0.13980527900253448, -0.37993219005961415]
9688	[0.17906985673344955, 1.0522264909582693, 0.6341764014053889, 0.6246345164571218, 0.20809397975900923, -0.05300979397463966]
9689	[0.24584864434218257, 1.0183400995387912, 0.6025963042123077, 0.6086159493993751, 0.1672623629645653, 0.1525317485820941]
9690	[0.18390274899592585, 1.0065890929612498, 0.8319370713606447, 0.7943134162713597, 0.15496922034271565, -1.176941052347025]
9691	[0.20334987107835323, 0.9888040963469398, 0.6446366131421469, 0.6245613396288874, 0.19099282048687757, -0.24751610454689096]
9692	[0.37872508816695205, 1.0093174881130647, 0.6771399561741174, 0.6832726930281116, 0.1413112871338749, 0.2375842133283114]
9693	[0.41141560690972634, 1.0649859310848413, 0.7180527914114121, 0.7189299240428554, 0.13071965034091018, 0.05128718292438806]
9694	[0.2497518974282169, 1.1415329418178515, 0.7405316917225288, 0.7241418774777997, 0.16304749987588174, -0.41946389825220326]
9695	[0.22796166273168927, 1.088954892604454, 0.698557864105932, 0.6941722120425794, 0.14841570258123582, -0.17997533647285374]
9696	[0.25746087875449697, 0.9858937150767747, 0.6489429077618528, 0.6445681073205801, 0.15838698516042068, -0.0817117907431188]
9697	[0.5228501807267957, 1.147455276354083, 0.8549003841846168, 0.8467386580292459, 0.09640841515888883, -0.3185912977116384]
9698	[0.29747025157924023, 1.0166106010157185, 0.6884341059990129, 0.673083974623221, 0.1815060485283188, -0.0410085496730999]
9699	[0.2052714625275801, 1.0347439608135438, 0.6521481162623678, 0.6338810407828328, 0.18491273176020878, -0.12029704507553388]
9700	[0.18860715709462061, 0.9985619370979207, 0.7456683932676335, 0.6990827334039355, 0.19591942515534824, -0.5164193071851446]
9701	[0.25312369918123945, 1.1265596313177488, 0.7736107891729941, 0.748433809241773, 0.18551473375803224, -0.47932409189199454]
9702	[0.176918807469984, 1.0127927857607086, 0.7918103628690479, 0.7514780178963294, 0.16387863597341695, -1.0727977725938265]
9703	[0.3289781050576366, 1.0628774377904768, 0.6689670042878466, 0.6812467268238256, 0.16004359275865407, 0.16594748582965627]
9704	[0.39352011448188606, 1.0563083174161194, 0.6935872425389733, 0.6973426737498267, 0.13872788002063194, 0.19877854873389605]
9705	[0.8902516299598775, 1.0175993506408578, 0.9806785079789839, 0.9782413384543721, 0.017329536769101064, -1.1836782460022623]
9706	[0.24151927668482776, 1.0813469637818665, 0.7120274285533469, 0.7008153663870044, 0.1575461840435335, -0.3852929667397896]
9707	[0.1679114847142582, 0.9909124121320495, 0.7287244728247514, 0.6842921845432524, 0.18413068635616459, -0.5897149714440936]
9708	[0.2556697305099861, 1.024393133698011, 0.7980314701131233, 0.7604356076397413, 0.1654960341746871, -0.8531387019092924]
9709	[0.15280896924330045, 1.0414526418302692, 0.61199917829586, 0.5952017607355142, 0.19076348945459476, -0.1146206240831259]
9710	[0.23364839336695786, 1.0370262444982934, 0.629222136519068, 0.6379263529379142, 0.1950943683640896, 0.12944567116106323]
9711	[0.26223704050192076, 1.0970387520274054, 0.699683676676603, 0.6930840566861938, 0.1978450232232814, -0.07984114624234258]
9712	[0.39497735645466536, 1.1735115647859453, 0.934194208620783, 0.9092977927163941, 0.12040169689326168, -1.0496593748696141]
9713	[0.3489889725382245, 1.0172966167085606, 0.7419333397218495, 0.7325072524823553, 0.14339118824087535, -0.2560219163095917]
9714	[0.40289671786216896, 1.0328667867225931, 0.7874312862864525, 0.7695158218039821, 0.1479030631215412, -0.4726068434269895]
9715	[0.20991527077975713, 1.0344475675422724, 0.598278667955805, 0.6013325457793991, 0.1864761081858201, 0.01771956381573081]
9716	[0.31966734563025845, 1.0930478618760555, 0.8577553274900881, 0.8238664254009206, 0.15391225912887366, -0.8581956909827994]
9717	[0.3690753562761755, 1.0920693910871544, 0.7247383898995154, 0.7189250758554844, 0.1420966995652023, -0.03256451546733532]
9718	[0.2557076724300452, 1.0439952403958637, 0.6113660899464655, 0.6267301078312424, 0.18071982600266207, 0.15632681706206805]
9719	[0.23506856575833157, 1.0531161634284891, 0.7231110172675858, 0.6911427464447562, 0.18243282918562295, -0.3276993089673979]
9720	[0.5660784239623817, 1.237113930406708, 0.9911107731518222, 0.9853363597518028, 0.08094658454023022, -0.5834821700974218]
9721	[0.37967762998074506, 0.9934541482697276, 0.6763131102881395, 0.6751878647522617, 0.1344906508661534, 0.11673756628940445]
9722	[0.21185414708411854, 1.084615341240347, 0.68624982263582, 0.6666606771717368, 0.15258079196432403, -0.12279011558568434]
9723	[0.22369870966498528, 1.056983170159622, 0.8143594391088259, 0.7793171160182785, 0.1728310697640775, -0.8225153599690034]
9724	[0.4016935111908757, 1.0334014660870832, 0.7758035484615196, 0.7630853068370201, 0.11891504752776598, -0.28851362249955814]
9725	[0.10043467034544529, 1.0185047628011814, 0.7689786407418766, 0.7233480002206951, 0.1748355595340065, -0.8918619703838921]
9726	[0.30208543236196506, 1.013624692936767, 0.7087161989733193, 0.6937332801501715, 0.17409631267478365, -0.228112215857839]
9727	[0.3937565844684203, 1.0640933574816132, 0.6810078966766729, 0.6841170593411352, 0.13239629813137624, 0.2438937338594776]
9728	[0.3091572552022295, 1.0667708596266452, 0.6733755180184369, 0.668956626728217, 0.15597559727300414, 0.027749944952700265]
9729	[0.36694520457476054, 0.9813749080194676, 0.7034738886482044, 0.6993327853878368, 0.14072169836574905, -0.13560910648994112]
9730	[0.3416871659670051, 1.0707306522517277, 0.7920812871535954, 0.7619316882755031, 0.15112455871395541, -0.44222370768611025]
9731	[0.37738407754954684, 1.0862111919112494, 0.6924954147296156, 0.6923640853813595, 0.1426240867876022, 0.185390035196038]
9732	[0.36025014756497653, 0.9929185367578628, 0.6851189720603067, 0.6897339204453944, 0.1234862056741876, 0.12368969088188966]
9733	[0.2130646084266985, 0.99588137988352, 0.7926391230842497, 0.7480956894398014, 0.17010899975094074, -1.0228334425699577]
9734	[0.2815879420181451, 1.0604715379611755, 0.6396478077093606, 0.6495025408051621, 0.1529573614124105, 0.18472619734299175]
9735	[0.3198884771372984, 0.9977554297044805, 0.657215592598399, 0.6523862770010143, 0.15008864654036605, 0.07603219945734134]
9736	[0.28713129047267816, 1.0459541763043292, 0.7381047383928181, 0.7200213811457228, 0.14799621486429576, -0.39740608512693254]
9737	[0.10290883645282922, 1.0216545393116194, 0.9363750963032988, 0.9117057575040368, 0.09839544478829931, -3.892757190559131]
9738	[0.40243303047159407, 1.079057434978639, 0.8359466001491143, 0.8082962937489696, 0.13986203202017722, -0.6952582599822836]
9739	[0.29155579706585233, 1.0023714372846628, 0.6676100566957786, 0.6517140140216785, 0.16601663251537202, -0.0989094395613575]
9740	[0.23606517987349285, 1.0780675814348795, 0.7120863116373324, 0.6935300761756643, 0.19737492480947552, -0.19853882429567818]
9741	[0.21988096128767098, 1.1086535627594492, 0.721745236600386, 0.7112436319369567, 0.1939419172034024, -0.13052447778122614]
9742	[0.1604142252430416, 0.9981844654470955, 0.6540007190121111, 0.6249490327899342, 0.1938946458705227, -0.22406652171382868]
9743	[0.7021560339530277, 1.0597367730889844, 0.9590291935309013, 0.9503014005118373, 0.04765190667825858, -1.0122236700620193]
9744	[0.2832283135224888, 1.0199586154444733, 0.664717092799405, 0.6631700375532755, 0.14329138023517243, 0.12761283021347122]
9745	[0.8254640792688537, 1.0493097727769878, 0.983305877005435, 0.9810505142945691, 0.02313078556298602, -1.5718287405577296]
9746	[0.39497735645466536, 1.1802683457561958, 0.9355417212083472, 0.9051364998144391, 0.13857263063621175, -0.9633503929424444]
9747	[0.41996792441089803, 1.1280471999351551, 0.7316636120416156, 0.7313086545579089, 0.12183295079355352, 0.055978094664112875]
9748	[0.4187868510840368, 1.0727864240855591, 0.6933744968215582, 0.7060838164445533, 0.1469844904595172, 0.2910246923342058]
9749	[0.2521609774187229, 1.0077826970521617, 0.6649439987431527, 0.6489244401383728, 0.18222281131392773, -0.1480050059283796]
9750	[0.3101023047777385, 0.986524139976943, 0.6567865272015536, 0.6542241385022427, 0.14906068338662612, 0.05407131168320902]
9751	[0.2590273556849296, 0.9942682478962351, 0.6192018522972778, 0.6275589434700978, 0.1713039954428593, 0.19045789624559178]
9752	[0.27324315569640534, 1.1374148706379605, 0.6609480792353993, 0.6832150616252877, 0.18598189055010772, 0.254003875582593]
9753	[0.3399363642613218, 1.0464253277873494, 0.655468442418664, 0.6695886120045409, 0.1534235608302982, 0.2666116965096748]
9754	[0.3226524761456092, 1.0297838486977373, 0.7110386526554067, 0.6930448375452191, 0.17956518836029547, -0.19660168789503957]
9755	[0.43113055409816126, 1.1236384859480752, 0.702689492204419, 0.7179830676413791, 0.1385533348676721, 0.4286027044129289]
9756	[0.2813976059188582, 1.072460054438203, 0.6879502255995231, 0.6676726743151801, 0.16528072261182175, -0.18253505470666048]
9757	[0.23743882240753122, 1.067175758530667, 0.6346233150556928, 0.6346937181247198, 0.16523161976154238, 0.12290472082583506]
9758	[0.30841185967671114, 1.025273413554468, 0.6493486893567172, 0.6586218719360385, 0.1489569649141986, 0.17193608673995847]
9759	[0.21533906124337177, 1.0227705506474, 0.6655013305833295, 0.6391459363785078, 0.1855192850813132, -0.20103398835275887]
9760	[0.3098128545054464, 1.0480858040642453, 0.7223835699298076, 0.7047130140920044, 0.17752114017212026, -0.12351880525127351]
9761	[0.33547899838887274, 1.0687619130281105, 0.7286070782495193, 0.7203095390398628, 0.1457710652299242, -0.23035037678418474]
9762	[0.25431711540408364, 1.271009730584258, 0.9663999751981589, 0.9501502211330392, 0.12903435235536392, -0.9565991045871045]
9763	[0.2417164334560823, 1.019394911574492, 0.6621621367906597, 0.6493094437161894, 0.17644850176424792, -0.10636672630013036]
9764	[0.18545310478922017, 1.0168917114806273, 0.5780377678468059, 0.5904348232640296, 0.166645188406938, 0.26326241961396735]
9765	[0.2878348481111188, 0.9990730608123394, 0.6778001859930916, 0.6540569984566653, 0.17431659379180403, -0.12457519836790876]
9766	[0.42666977305879084, 1.0613367544039023, 0.7700460275685417, 0.7628050776020082, 0.12206416494992788, -0.1874804648753969]
9767	[0.3821179390638144, 1.0080393472773777, 0.6747748452090443, 0.6831350683058762, 0.12886779084307834, 0.17323270415197647]
9768	[0.4007678858374142, 1.0217910082469281, 0.7617737557468987, 0.745519804476064, 0.1527654980350012, -0.3331720204794262]
9769	[0.29710834167094535, 1.0112621005699982, 0.6382519363025314, 0.6525790793034186, 0.1629760181871096, 0.21819513910440286]
9770	[0.21575635741713528, 1.0284502425827624, 0.7634856651040062, 0.7257670883926588, 0.18231524050000647, -0.6420396655481809]
9771	[0.25483218818609144, 1.2431597778578993, 0.7439535182894497, 0.736881635016281, 0.18103919590944886, -0.11146016351429877]
9772	[0.2576639562358969, 0.992271723340324, 0.6272789317551426, 0.6336699392567611, 0.14794121042838618, 0.17834916622719546]
9773	[0.23291807875225345, 1.0901670417063805, 0.6980343716619186, 0.68648857264705, 0.18469437186573354, -0.1882966404293962]
9774	[0.19805719949476308, 1.1359096957025132, 0.6870841286919381, 0.6736536055468768, 0.17435295677434914, -0.1846323395121121]
9775	[0.2644541966203602, 1.0291658174694147, 0.6746736483839938, 0.657391924525599, 0.1817253146051019, -0.1863911055684714]
9776	[0.36561360579346736, 1.007356306263889, 0.725666965967851, 0.7210567700622617, 0.1455010954520288, -0.25816708293091134]
9777	[0.28135978373500914, 1.112209572720954, 0.6256870360467615, 0.6329179045876082, 0.1532028650863743, 0.33777340603197203]
9778	[0.36944997892238485, 1.1217080725821262, 0.8855074099073732, 0.8550333400385829, 0.1328662258113852, -0.9035230271161916]
9779	[0.19018522159320317, 1.0669256463626227, 0.642619917553741, 0.6273504582395109, 0.17795578059814768, -0.08032574666181377]
9780	[0.37205160070983, 1.0953760756415492, 0.6990157756443491, 0.7124805452238784, 0.1627131362612992, 0.25998687282415905]
9781	[0.2971522725498391, 1.1272108636971159, 0.8108417274003777, 0.7773104579471349, 0.1735004983213018, -0.645799965787127]
9782	[0.16454217003766258, 1.0513352580559747, 0.5917333325509622, 0.6041050674525756, 0.19754107175511493, 0.15551531001894567]
9783	[0.4202689707962384, 1.0118632995201413, 0.6946334566463912, 0.7072124513398584, 0.139465674482048, 0.23067888133404435]
9784	[0.2340373678331189, 0.984899501450484, 0.6503598079570435, 0.6410160648958286, 0.16035262913493267, -0.05707270475554234]
9785	[0.2366958908719119, 1.0750015562499045, 0.7981751216806545, 0.7630802232992581, 0.17178365162366102, -0.5977364908736454]
9786	[0.3660612021942533, 1.1058647804904758, 0.8318240503862306, 0.804822267100108, 0.1571018268995963, -0.5449547705123314]
9787	[0.2549287763587149, 0.992317297727959, 0.6032805315516168, 0.6042013926316533, 0.16034364111370328, 0.15866759390520496]
9788	[0.3098457811291625, 1.013995018259308, 0.7092355035464224, 0.6913241262310607, 0.14332763282484884, -0.23255873495352658]
9789	[0.33673988250028586, 0.9741178744640039, 0.6946787392019332, 0.6824771546366655, 0.14051672419606384, -0.12552110321692117]
9790	[0.37380520503819314, 1.0334977199974162, 0.6797523402463228, 0.6844178833066016, 0.1525870450805161, 0.18333209407829523]
9791	[0.33361505410481673, 1.0086976803217709, 0.6437238793160351, 0.6572198512391817, 0.15495856742106104, 0.25721907699977486]
9792	[0.37654264254663394, 1.0660481402744253, 0.7333175453521477, 0.7335024849708284, 0.1555364779852674, -0.05088739564534253]
9793	[0.2573094346416791, 1.0683260194095339, 0.7966655908902299, 0.7679452468007799, 0.173256539795272, -0.6762005437379754]
9794	[0.15796339347374622, 0.9974444952592972, 0.7422597401358486, 0.7046462111076267, 0.18405932501487957, -0.7193920585323805]
9795	[0.2541509670336315, 0.999318767752792, 0.6392307731281647, 0.6364851107938284, 0.17157427416927415, -0.0020151784704819276]
9796	[0.2893053168247326, 1.005613085556668, 0.6619310655590125, 0.6550337192677197, 0.15559007297141392, -0.021947208163623076]
9797	[0.38776443332911736, 1.271009730584258, 0.8689209489882292, 0.8574989974948608, 0.14782885428854625, -0.5198982230025206]
9798	[0.4856791955764188, 1.0356015932124285, 0.8247990922144717, 0.8166396555905694, 0.0933887774690494, -0.46361025915553605]
9799	[0.24151927668482776, 1.2062884669267802, 0.7761187619183023, 0.7572264233292048, 0.15979322360435586, -0.438179957907596]
9800	[0.17695006373038014, 1.0042727979056392, 0.6644653563686438, 0.6291634263247943, 0.1876042435304133, -0.2992463501254526]
9801	[0.3411932960021069, 1.0886593043726944, 0.8498905648728907, 0.820089594940557, 0.15181847566885548, -0.7571314253411011]
9802	[0.2568317849298608, 1.1572623449861144, 0.7031594924729829, 0.699766465897253, 0.16190705211513945, -0.013149528521401322]
9803	[0.13790841274306054, 1.020344251400764, 0.8700609371271235, 0.8267608765656197, 0.1503603493867339, -2.042438820768153]
9804	[0.18545310478922017, 1.0215063317847441, 0.6369392022150391, 0.646464713584782, 0.151386805572586, 0.15947967179497402]
9805	[0.31683753913001456, 1.0338223859879834, 0.6406981028482732, 0.6516286565985341, 0.13748116329502572, 0.2404919832674861]
9806	[0.4140762009518484, 1.056608907851083, 0.7037878241404603, 0.7235160209897212, 0.14531805709816972, 0.3276016190726723]
9807	[0.38928236013199513, 1.0123843402680544, 0.7221512347042263, 0.7116864043235541, 0.1286930835973713, -0.13164706479422542]
9808	[0.24402232995270734, 0.9837022499881413, 0.6108397499257053, 0.6212690283962943, 0.1603401886317524, 0.1239562755950552]
9809	[0.411218863566988, 1.1419336074864253, 0.7993484374623319, 0.7863669918940019, 0.13530552918970204, -0.33199148677885876]
9810	[0.21500157908833994, 1.015605455833722, 0.7083035448209694, 0.6767414518490279, 0.18173467966610735, -0.3295379419647397]
9811	[0.39653579584468834, 1.152409791865685, 0.7460123467866611, 0.7459256420259288, 0.17118730048888903, 0.1288929137743771]
9812	[0.41960546018484235, 1.0577262466951602, 0.747188671926909, 0.7382220923595171, 0.1394237702720474, -0.15546231062841342]
9813	[0.399040375954009, 1.0576840530587897, 0.8453854757508917, 0.8128958715816706, 0.12439874794442508, -0.9098759883992315]
9814	[0.3591867750893153, 1.052346009613934, 0.674080852483263, 0.6815407929825676, 0.15953507452560894, 0.19765221021696255]
9815	[0.26969641020847523, 1.010933332452706, 0.6339471999491347, 0.6439345002074035, 0.14846674437660556, 0.20618812416960533]
9816	[0.24701534312711104, 0.9839995521524048, 0.6306679280634699, 0.635163472461581, 0.1639878559925926, 0.04492569335431009]
9817	[0.2876987259995133, 1.0189649731353356, 0.6424761044494771, 0.6480247962327125, 0.14182182399522433, 0.21861298902108958]
9818	[0.2935063822447622, 1.0875959467519194, 0.745803520389303, 0.7341202067036566, 0.1418503092646639, -0.46124962059902735]
9819	[0.3996646188696421, 1.0763649466485066, 0.8101040327864372, 0.7859438931801844, 0.13459697260739462, -0.4251697041215429]
9820	[0.40444770246547634, 1.0586786211652646, 0.702382058931745, 0.7114066274226519, 0.13607502006256939, 0.24150379868341004]
9821	[0.2447965539117013, 0.9999222485919114, 0.7503570674668542, 0.7191242770116777, 0.17305512216598606, -0.5369154701106684]
9822	[0.34985151310158036, 1.1257618896681982, 0.6691468436008969, 0.6896665236430903, 0.15571901822833234, 0.30450838937981134]
9823	[0.23385055221328077, 1.063816930063794, 0.6076968138079608, 0.6114151232311347, 0.17263217006145518, 0.12714450757744925]
9824	[0.3015737124326574, 1.053918864340564, 0.7801105540589274, 0.7646786591613766, 0.13506806843025884, -0.5574009592482357]
9825	[0.19513130934187595, 1.0073922782772733, 0.7203929448832547, 0.6903317950044443, 0.18377304243784975, -0.47751303800698464]
9826	[0.33759990025413933, 0.9971438293015464, 0.6606614109216482, 0.658495267046868, 0.15190490490166242, 0.0902971443274098]
9827	[0.4391615594851844, 1.2097577690257022, 0.8795277286274463, 0.8671666654764686, 0.1055979612985375, -0.7218486292885333]
9828	[0.20123693389279484, 1.0675382173399628, 0.6107641965042727, 0.617759177781522, 0.17600889448152884, 0.1014253841116913]
9829	[0.30791890551793544, 1.0214741041853257, 0.6954627446991913, 0.6749165098709763, 0.16821006071353115, -0.19949718069260172]
9830	[0.25116041221243024, 1.1471208831940627, 0.8156491921140177, 0.7912199240277649, 0.17434453390892274, -0.4389844659956062]
9831	[0.23471633775813494, 1.0498826398061354, 0.9018304766848282, 0.8695268296623736, 0.1351260868489511, -2.171570526098543]
9832	[0.266245584362099, 1.0100319906445632, 0.6178574831849727, 0.6270954978063673, 0.1762907155072317, 0.12286484173345585]
9833	[0.48764819083085365, 1.0362325618993105, 0.853743222029851, 0.8310606089986341, 0.1148900664991941, -0.570405038545106]
9834	[0.56124298007539, 1.1429556871606166, 0.909614406604848, 0.900877472656489, 0.09345475682989206, -0.5348212483897367]
9835	[0.16311883490901402, 1.0025560004159328, 0.7321025330163087, 0.6864815764562364, 0.19131776278142984, -0.6707674826553045]
9836	[0.3072765733790561, 1.0132708563663197, 0.635192382674509, 0.6457466839336022, 0.14474700299763532, 0.231590812263195]
9837	[0.2960616870985209, 1.0369623202604648, 0.6830204420575503, 0.6715366226832404, 0.18767001182871543, -0.10430343578267524]
9838	[0.4480055821612654, 1.0974046295797222, 0.7257613107040262, 0.7444553317537533, 0.13074852182913538, 0.4636291428930891]
9839	[0.39072128431041275, 1.0597367730889844, 0.6935274292033057, 0.709781965585304, 0.1465235379854449, 0.293189195182509]
9840	[0.18390274899592585, 1.0629514934252096, 0.8435338596391524, 0.8108802980622827, 0.16650106904469186, -1.1094151795662865]
9841	[0.4385352606526359, 1.0178415405796806, 0.7524548529699083, 0.7450778895730457, 0.1227962951253375, -0.17728482366264042]
9842	[0.3699007037641797, 1.0737758842346445, 0.7134739488530744, 0.7032027363941488, 0.1414568597055866, -0.13234490002378776]
9843	[0.2442265170928688, 1.0032890236255332, 0.7373460906116327, 0.7028419991952641, 0.1674412707960414, -0.5803379605468761]
9844	[0.1618437121265457, 1.042069389128845, 0.6949725704530381, 0.6530494749430391, 0.21210102908611098, -0.332291990730279]
9845	[0.3196554388210736, 1.034190045470721, 0.6389719289129348, 0.642450278231133, 0.1525299756369721, 0.2259048094015265]
9846	[0.37597141643930476, 1.0362423411197348, 0.8054710333480406, 0.78067559836597, 0.14045769692131696, -0.5695709393612052]
9847	[0.3128940752777237, 1.0107057186585626, 0.6794666937320393, 0.6858339129491234, 0.13489325624105739, 0.06359912754661351]
9848	[0.39431457180376384, 0.9832191704733101, 0.7475170942710099, 0.7365279751081029, 0.1297796750988089, -0.2408005494385287]
9849	[0.22826471019891026, 1.0348474708308153, 0.8705552631209408, 0.8379407427916177, 0.1498950047539064, -1.7151664428953155]
9850	[0.4316888715333076, 1.0287955401840005, 0.7083365532078363, 0.7065144094131967, 0.12555718610732317, 0.16390642986133364]
9851	[0.45347376717706256, 1.1107515138080788, 0.7961424930650487, 0.7831786382876953, 0.12633544778707417, -0.30664469291540636]
9852	[0.2928774788553583, 1.1643188856610123, 0.8577753618405186, 0.8252849326219241, 0.16335555183442088, -0.7729364693579907]
9853	[0.3259823140766752, 1.1111488738239317, 0.6810956895735495, 0.6931597340376177, 0.1550270662805583, 0.23098563008156775]
9854	[0.23998828088072788, 1.0038418215846237, 0.7435497906523497, 0.7154107276642546, 0.1791141524103706, -0.6128258480134477]
9855	[0.2810612635328923, 1.0016561694741666, 0.6313492888084157, 0.6307415602063161, 0.15613238273822916, 0.09514404696798012]
9856	[0.5119226639297271, 1.0183414333843246, 0.7421086695625467, 0.7423469213918948, 0.10667459375536038, 0.24966874983795703]
9857	[0.14623040932294296, 1.0027803825051236, 0.9209463760595406, 0.895369794452175, 0.10466033039414763, -3.2824336618860537]
9858	[0.2914281443489517, 1.0673177227352106, 0.7899885586381563, 0.751011200176549, 0.16599966559378113, -0.6254240851110471]
9859	[0.19385564421932078, 1.0812130125238182, 0.5940991976556791, 0.6140301237594133, 0.1904519149124325, 0.21189526624100152]
9860	[0.31666423709628166, 0.9880298977870237, 0.6428882124461224, 0.6495360169280905, 0.1498559020865701, 0.15387956620917684]
9861	[0.43281057401025513, 1.0735231696562484, 0.707039349132555, 0.7148382834111966, 0.13248988987538227, 0.22177509410916296]
9862	[0.388798232118743, 1.0684953704194646, 0.8338409751132958, 0.8101087152681492, 0.14122242711104532, -0.7361235257030987]
9863	[0.1791461036164932, 1.1497208455398422, 0.6240050576053315, 0.6440948155918366, 0.20134868724010885, 0.267089277179502]
9864	[0.304179986873092, 1.0691060426740315, 0.7573413206212561, 0.7414368861891667, 0.1692978665456271, -0.19475365467903266]
9865	[0.2278149123605625, 1.1327514179703808, 0.7835089305286556, 0.7686076840692743, 0.17197209775336506, -0.3990495030945498]
9866	[0.28204123101178946, 1.0367427035594097, 0.6349801170666562, 0.638529987225756, 0.15650743216793364, 0.14169589181696735]
9867	[0.8821593307870955, 1.0290087567459032, 0.9754975638248435, 0.9735360398898615, 0.019621703135662423, -0.7957447514774787]
9868	[0.28479072114597803, 1.0305056357380005, 0.6610836971304352, 0.6617607114532225, 0.16438674605444084, 0.051293675738844954]
9869	[0.3271235785448432, 1.1748405179493255, 0.6784900335672084, 0.6759506424634996, 0.14789107928560985, 0.0822705046277692]
9870	[0.1915105533006427, 1.1448832761671723, 0.8004065412160611, 0.7766531461410541, 0.15778077562535373, -0.7534535248322293]
9871	[0.5145348403286699, 1.0293983573172387, 0.8303316929558362, 0.8204908559358467, 0.09620794097442756, -0.38139418794678626]
9872	[0.17517700805053538, 0.9988978703768742, 0.7157668462680741, 0.6833015850349706, 0.19278734709944717, -0.45000224548752116]
9873	[0.4416458387692128, 0.9791613722887021, 0.712043860516365, 0.7141808766684307, 0.12000648376246255, 0.10215165997838267]
9874	[0.2918217068287834, 1.0914113809559827, 0.7311809714176288, 0.7218035150337364, 0.14268671189858922, -0.33980232929695275]
9875	[0.7419984961428889, 1.0310410636576075, 0.9414860809335831, 0.9319076845036703, 0.05625152563214479, -0.9102731208192746]
9876	[0.5145003515969997, 1.0044452711779082, 0.8103271689376723, 0.8005579752281944, 0.09700465814517556, -0.4250845391989262]
9877	[0.2743402779112085, 1.0086238787397095, 0.6293062920538502, 0.62596097554435, 0.1685794482860684, 0.07917263272662621]
9878	[0.4399874774009407, 1.0506184718244214, 0.7401507676896257, 0.7405995241747588, 0.1234733019234966, 0.07633764369161544]
9879	[0.2366958908719119, 1.214060763097258, 0.861327855854629, 0.8247181824558607, 0.1875028024573304, -0.7327526767247955]
9880	[0.4638139115718336, 1.2270832255959379, 0.7810744476087298, 0.7960640604186882, 0.1545766040703607, 0.41501674712476677]
9881	[0.32313363298714715, 0.9875204047008519, 0.6782197183847438, 0.6752215841197993, 0.14425434064564174, -0.08243896013299522]
9882	[0.25746087875449697, 0.989982881375127, 0.672526135058404, 0.6649881245213008, 0.15974548209660114, -0.10782852848045602]
9883	[0.20317743851710401, 1.0080958850261488, 0.8825518790676623, 0.844786450840324, 0.13938340398293658, -2.0086134474197093]
9884	[0.46276726205999974, 1.078324932212453, 0.7402009641041649, 0.7436015122484985, 0.11829074432032412, 0.15305437916280057]
9885	[0.38039020146884794, 1.015284327938024, 0.7053775027997178, 0.69880561118261, 0.16343335825926947, -0.07051945891939962]
9886	[0.43039442337627365, 0.9875883095227902, 0.7385510298449873, 0.7318328732380378, 0.1315124600237819, -0.18608340902772372]
9887	[0.2574903592033413, 1.0340681577111044, 0.6672919919392581, 0.6539605329973266, 0.1724421977848468, -0.1225251290166342]
9888	[0.12176640122213855, 1.049999280435893, 0.66559977056124, 0.6476508612366352, 0.202617495334681, -0.234964743304589]
9889	[0.2558377875458949, 1.0856551872601388, 0.6275895998838468, 0.6327766286687797, 0.15716877603291307, 0.13325512298352954]
9890	[0.31696705071329556, 0.9889635888736199, 0.6547304653972015, 0.6525189668363992, 0.14372878824582982, 0.10326796704336394]
9891	[0.32330653958988975, 0.9834800366465218, 0.6459674503111141, 0.6514411748774989, 0.14472135761504487, 0.10128756509607918]
9892	[0.1618437121265457, 1.0464685745581044, 0.6878408341017834, 0.6561248485884108, 0.20387148238858485, -0.2894781858528017]
9893	[0.22986846623243717, 1.0700438776101393, 0.6152943383121721, 0.6331155813115984, 0.17865154497337263, 0.28820456127735894]
9894	[0.21998974915468317, 1.0674964960578992, 0.679397766711233, 0.6735363835809591, 0.20159731154714192, -0.07608550281925719]
9895	[0.2644244900723923, 0.992133991355825, 0.6190123261705127, 0.6292516546048497, 0.15049052267428156, 0.203086855153761]
9896	[0.3606075316010322, 0.9862280594139762, 0.6549386887160362, 0.6580001151098835, 0.1449381961668605, 0.16123793585849866]
9897	[0.2655102008196423, 1.0386083247868592, 0.6113370999926708, 0.6267822265431533, 0.16593355715022334, 0.2621503834831185]
9898	[0.4460517465999295, 1.0192197622732126, 0.7083365532078363, 0.7129010660314701, 0.13156227257872116, 0.2137398380440673]
9899	[0.24346795105782448, 1.0815774130485882, 0.6320354965917545, 0.637028430136391, 0.16444888109859865, 0.1225455473170269]
9900	[0.26579932411565943, 1.0328160043976733, 0.7075117118494383, 0.6822099379872416, 0.18188804645160375, -0.20856776333431043]
9901	[0.195996315084089, 1.0164660652003492, 0.6981358400157668, 0.6689020174559417, 0.18648013856428258, -0.3040469597836434]
9902	[0.20690244273618374, 1.0058128981131078, 0.6269212891522641, 0.6220123467139134, 0.1920133094989979, 0.003930341228020971]
9903	[0.2601098158711753, 1.077613277102763, 0.7103952074462215, 0.702771517926209, 0.18270712904046316, -0.07609704035078]
9904	[0.3776010545929407, 1.070956680625187, 0.7042694303636053, 0.703593486789849, 0.16520070286350633, 0.08616395022639696]
9905	[0.374704682285513, 1.1416065049319943, 0.6983437842904598, 0.6999008743729246, 0.14114456547869209, 0.22463681610935643]
9906	[0.1970957342792644, 1.0437591296761701, 0.6699349870166609, 0.6454663001271513, 0.19533266853475073, -0.2559645158641356]
9907	[0.25837329000455256, 1.0098345962545785, 0.7015623344431512, 0.6863311809925597, 0.16075125016826886, -0.1943895402276186]
9908	[0.3312436587757469, 1.155104244395321, 0.7890461409845166, 0.7748556162300366, 0.14581981278270947, -0.45292268438984623]
9909	[0.2154544553008675, 1.0509157968546365, 0.7673842152479551, 0.7305543412664628, 0.17215665021496207, -0.7252240125743048]
9910	[0.4474958898753517, 1.2215431208528134, 0.9028475800024068, 0.8947753496272646, 0.10591939015018159, -0.7515446204821334]
9911	[0.21509604187638676, 1.0586884629480136, 0.6047536850153785, 0.6166182057429135, 0.16972763250323916, 0.18180486519089928]
9912	[0.27863517645538816, 1.0667661724309248, 0.7063478811093055, 0.696507730038197, 0.18553537543183649, -0.09363455856548528]
9913	[0.327378815551029, 1.1190906160513308, 0.7120330237709694, 0.7079036570221321, 0.18714269152597923, -0.013753036637326464]
9914	[0.46359704322560147, 1.0933331436562574, 0.7374384843928867, 0.7301690245529652, 0.12203880307043675, 0.1470771726079135]
9915	[0.17251134953674752, 1.0727776061813483, 0.6359672415983835, 0.6168968642247239, 0.19170897800405026, -0.17531533860637252]
9916	[0.20358824662389474, 1.0577426026051415, 0.6099597774123908, 0.6124756660540775, 0.19138414696165412, 0.07279449655541967]
9917	[0.4089441184588578, 1.0102880185971492, 0.7165038794305876, 0.7119010826064611, 0.1254548010236637, 0.06069130465496924]
9918	[0.2687860490589764, 1.0318296764700996, 0.6658184968996059, 0.653117548740853, 0.18348320623749942, -0.030592851300024395]
9919	[0.6458528731536504, 1.0706599428156645, 0.9673027036500703, 0.95620108268391, 0.05221106067694841, -1.4576091694632767]
9920	[0.29252961981385095, 1.0098348267753872, 0.704563223071452, 0.6832884189693604, 0.17454255584063438, -0.19771966877709504]
9921	[0.2787070390523637, 0.9802507044088107, 0.6427678083612756, 0.6424465405659283, 0.1488498327531888, 0.043179932182222235]
9922	[0.7442724351178018, 1.0317242656494128, 0.9062138802716067, 0.9040435391164499, 0.050308151073487, -0.4904340220292404]
9923	[0.28630559554933466, 1.1634399965141138, 0.7083734074293129, 0.7129271253314347, 0.15456660220065005, 0.1182378911313555]
9924	[0.27359120202013854, 1.0640110062911592, 0.7055028996007563, 0.6712792529518145, 0.17178646008756707, -0.31919150450488926]
9925	[0.10043467034544529, 1.0645705574633397, 0.7848147419904564, 0.757129657727745, 0.16185562773086595, -0.8776301537498133]
9926	[0.3253021677109582, 1.217917451032758, 0.8790866099494202, 0.8437306155230879, 0.163362076670273, -0.6452498350640044]
9927	[0.49881455182335566, 1.0273260344744748, 0.8696213505858053, 0.8542362678542759, 0.09358545906135114, -0.6475893895370796]
9928	[0.2725959662747105, 0.9927554481557289, 0.6776410712226402, 0.6663809060011237, 0.15455269318002537, -0.15065249960507868]
9929	[0.36488191084009325, 1.0293557807390405, 0.7803731359987205, 0.7581329799220509, 0.13798995463533173, -0.4850623165676661]
9930	[0.3555126022671785, 1.0391826418598418, 0.7302472461010998, 0.7205721702171709, 0.1331099550469701, -0.2552710877217237]
9931	[0.3772272721210175, 1.043475949830643, 0.7589316842539764, 0.7508935746439934, 0.1334923854536017, -0.21208712643314478]
9932	[0.5482760593884172, 1.1501093248065313, 0.8835726400621979, 0.8783515342878158, 0.09848172700242479, -0.3013187035990497]
9933	[0.6176343980796312, 1.1501093248065313, 0.9206962071469732, 0.9068455802400778, 0.08125582790975348, -0.5669584216382468]
9934	[0.3867182108934787, 0.9887568054514487, 0.6982286477062187, 0.6953687140672588, 0.1341031137445343, 0.014282104287799233]
9935	[0.49320772388152734, 1.0114114440227346, 0.8024777133949312, 0.7900386511982279, 0.10527664820075523, -0.3441589763528981]
9936	[0.26031348123041964, 1.0158591179837595, 0.6658552215224081, 0.6503929197418212, 0.18491119510212456, -0.08494391892316895]
9937	[0.21624010578759434, 1.1494140214047261, 0.6218480875556631, 0.6134802266939506, 0.17935256640261749, 0.038337140143688296]
9938	[0.235620356108443, 1.0352262554479796, 0.6347667438158175, 0.6348642524137987, 0.1527196253562413, 0.20360452504027246]
9939	[0.3763832150551507, 0.9996416141176361, 0.6792051514064816, 0.6783341898007976, 0.13703557907001823, 0.11004256527350145]
9940	[0.40831514144907544, 1.0028629887494125, 0.695485642442015, 0.6963657923787173, 0.13539530514411036, 0.07992646376851356]
9941	[0.46724245863317027, 1.0760401745015455, 0.7517619425260313, 0.7554739969892214, 0.11948367837043199, 0.11953519938045822]
9942	[0.2938094298745364, 1.192593909945067, 0.7180749127826078, 0.7040891149349101, 0.14889720309142618, -0.2781730577353649]
9943	[0.6113446090083023, 1.237113930406708, 0.9128303098203211, 0.9034842632292187, 0.07770783164815973, -0.3537427341354876]
9944	[0.39258694054460663, 1.068686042651625, 0.7365029921636101, 0.7308466428546748, 0.13708306038455828, -0.07984581041134982]
9945	[0.4756786168712359, 1.0662164126102234, 0.8777469608818315, 0.8472370250488955, 0.12180491070782642, -0.8660048616317303]
9946	[0.3519381277587871, 1.05138277920682, 0.6900718477971266, 0.6851470992740099, 0.16665958424309452, 0.026754719187373082]
9947	[0.43017826329642295, 1.0154991284091475, 0.7514677401648701, 0.7496023050350034, 0.1171145343691702, -0.009159449341974874]
9948	[0.31461408904433774, 1.0110392917998985, 0.6484405206041193, 0.6452528522425584, 0.14824450291953656, 0.053198692674458384]
9949	[0.17509539032777865, 1.0972804698365637, 0.8882593349312476, 0.8580709672373151, 0.1472809625551021, -1.8200690092133647]
9950	[0.672173470142442, 1.2037447779465251, 0.9569124218339504, 0.9529058813047852, 0.05508873202325382, -0.49816279133044616]
9951	[0.25702009505182066, 1.0409172302815786, 0.7164124547344304, 0.6929323525558453, 0.18016699694931718, -0.34435830420768904]
9952	[0.6127293974836984, 0.9922824552604986, 0.8605562442388981, 0.844799729381607, 0.0738553655228281, -0.5570025928145866]
9953	[0.46918367521545945, 0.9897944287129261, 0.7392759582365325, 0.730744661891698, 0.11320375417220974, -0.05187621092652711]
9954	[0.3492326356804728, 1.0571631462035098, 0.7280191057149544, 0.7122156990087344, 0.1631449618732596, -0.1508316833909781]
9955	[0.3710537875481329, 1.056762399169527, 0.7125110222039086, 0.7131777210424544, 0.13896198493829476, 0.05088551861797072]
9956	[0.31461408904433774, 1.0007030988293328, 0.6508040060054868, 0.6482356246475109, 0.1453609161944439, 0.04444953063432069]
9957	[0.16067396948282575, 1.0271903973960674, 0.9059300281876158, 0.8667580616674976, 0.14061698356033875, -2.3987699076565185]
9958	[0.242611923195314, 1.0052058161601711, 0.6510180817302765, 0.6520918001357033, 0.14981509377438598, 0.05152841148620475]
9959	[0.25730132078965773, 1.031937147860352, 0.6585884225890581, 0.6576955775093449, 0.1540118435066692, -0.05728289078312127]
9960	[0.235620356108443, 0.9966668049115347, 0.6288085543432106, 0.6309767417706305, 0.15050877065870158, 0.13893464010626394]
9961	[0.39103723198839135, 1.1791122098758886, 0.7189817820012034, 0.7360820601198887, 0.15329328880453727, 0.391930378915469]
9962	[0.22784721459697277, 1.1024788757098711, 0.7203113490950879, 0.7080731064860382, 0.1596493840194144, -0.3551866814916091]
9963	[0.15280896924330045, 1.0102321124409575, 0.5956401796863727, 0.5910028669910337, 0.19572161589979345, -0.036455625762499985]
9964	[0.21509604187638676, 1.0235093538069422, 0.6016104071024725, 0.6175906060718072, 0.1778507918477411, 0.1777188847790196]
9965	[0.5550767391920901, 1.0345799165849503, 0.8051764505196978, 0.8025896192747359, 0.09190158242832658, -0.0881855103908086]
9966	[0.2725959662747105, 1.003143060800391, 0.6873722724147916, 0.6700388841611312, 0.15914445058470075, -0.2675520599494386]
9967	[0.2805471098397502, 0.9903292008100267, 0.6657734981565123, 0.6671102129205276, 0.15262123280748946, -0.09291544188716884]
9968	[0.2819291807041493, 1.3113404532170625, 0.774677944410002, 0.7721660373507931, 0.16931483174484682, -0.020692333361177873]
9969	[0.19265231548851824, 1.0909992269952096, 0.6185568870748895, 0.632372898289892, 0.18832118276892654, 0.13637607171633453]
9970	[0.3496798874012462, 1.0587514297461567, 0.7556478778056639, 0.7322185144835708, 0.14555857856218107, -0.3387064936964299]
9971	[0.2262751993163643, 1.0850033216245185, 0.8860936262517709, 0.8524458868369993, 0.1391724681902186, -1.9621222190498935]
9972	[0.29331912493739476, 1.042022847863025, 0.6359480346441575, 0.6558928057508269, 0.14887610034860166, 0.3095004443230743]
9973	[0.3082418330422989, 0.984524165543776, 0.7309267818276636, 0.7154826506012831, 0.14625317388534578, -0.3256650710281824]
9974	[0.20268157403826226, 1.134226870000861, 0.6671685825392399, 0.668211240564166, 0.20990223636898866, 0.05310312782638606]
9975	[0.3737096518968528, 1.1208636529911138, 0.7134814234317515, 0.7169904337882058, 0.13824560110614678, 0.12926745429925462]
9976	[0.25198870596628065, 1.1256299444388111, 0.6376586915759102, 0.6566356571192405, 0.17476937513622912, 0.1894875199862195]
9977	[0.22970784117434295, 1.0218322861427809, 0.6040170392045534, 0.6024671669618141, 0.17088304751421055, 0.1204819145675472]
9978	[0.30640567009324005, 1.0327168458383469, 0.7156547316154307, 0.6937902707225719, 0.16747212977873216, -0.23432702547569198]
9979	[0.33474526831482043, 1.0445226979884132, 0.6504030840906069, 0.6515701937696176, 0.14568480209005796, 0.1032359827208727]
9980	[0.302104873686066, 1.008295059347656, 0.6894963962724154, 0.6695199353161821, 0.16989812381118954, -0.19553032620208521]
9981	[0.27312606612497636, 1.1464720674449929, 0.6589057991200594, 0.6545954239764369, 0.17577435198482533, 0.08730638667981634]
9982	[0.4545792303320635, 0.9949486449042995, 0.7454760631170312, 0.7430615858319487, 0.1258548226459254, -0.09706047629193841]
9983	[0.28996888408910126, 1.0661437349262537, 0.6195495610725166, 0.6386963396761859, 0.16847470403484083, 0.3301013433844409]
9984	[0.4433836349813792, 1.2327107338218555, 0.8374854517778759, 0.8262401734132151, 0.12270586964489287, -0.43084622221481633]
9985	[0.2894024984225354, 1.030533337904056, 0.6723876256703456, 0.6658948259089428, 0.14947170117548367, -0.04160356037878102]
9986	[0.176918807469984, 1.0526835907448986, 0.8302664040819787, 0.7982688301642378, 0.1648320372823939, -1.0933644707324846]
9987	[0.23310151502068788, 1.0076339656539028, 0.6484883742024576, 0.6341721560308535, 0.17711577595384312, -0.10418009465603542]
9988	[0.1917048989333745, 1.0025677522030083, 0.6169650271868591, 0.6224266834464519, 0.15457293292883012, 0.1609660104440211]
9989	[0.19018522159320317, 1.1658893582908594, 0.6874979044387489, 0.6773255698700279, 0.18085174397714593, -0.12946488731889877]
9990	[0.4170914583426987, 0.9901318472702096, 0.7088333648218517, 0.7060627979355637, 0.12816400736172123, -0.005302850105312729]
9991	[0.20180682814748396, 1.0814341813399828, 0.6653143256114218, 0.6624986604974374, 0.17261969720014267, -0.06261907841267589]
9992	[0.37539023943253846, 1.1457163490013647, 0.6981177444626668, 0.7135385072603891, 0.159174243449804, 0.3781791530469878]
9993	[0.3399958232732103, 1.0736700299273227, 0.7761064802394064, 0.7606785332370496, 0.1568956132025504, -0.343646413380484]
9994	[0.4145719166247587, 0.9783169799657543, 0.7246647561221309, 0.7156662045544543, 0.13068354987337266, -0.061704071137383604]
9995	[0.20855929933436923, 0.9932376902218678, 0.672710697177866, 0.6431880098886155, 0.1895639529888887, -0.240543289707957]
9996	[0.39241037238530596, 1.0151265626211092, 0.8017638011256292, 0.7825451504452212, 0.12976064143887453, -0.5299678857624645]
9997	[0.4742750824179681, 1.102567771131974, 0.7218592914107068, 0.7409574324183602, 0.13019007639430438, 0.4144424427120184]
9998	[0.1426461196777964, 1.1077289088597477, 0.6490801294240434, 0.633082477148961, 0.20419982244916507, -0.1441576847453505]
9999	[0.27771294932318014, 0.9862053594847745, 0.6614346744482373, 0.6531106800379523, 0.15733090444790535, -0.12479025689943082]
