9552	[0.5286862605730831, 0.9920071518476695, 0.8119728761566468, 0.798583681936698, 0.09800582444148233, -0.31780970738749975]
9553	[0.42364616428636526, 0.9882709923335461, 0.690386364341173, 0.6957797033663509, 0.12261077522183558, 0.18302049365880146]
9554	[0.21004698393684662, 1.3089470211341534, 0.9124211591097683, 0.8838583102664934, 0.17076185299307833, -0.8343834208399109]
9555	[0.28586689425952716, 1.0628439112447563, 0.6763000029585433, 0.6717825394474607, 0.159032935358714, 0.013778426860846819]
9556	[0.27979477719134216, 1.0602262880211257, 0.7518790086766836, 0.731318580687404, 0.15216465299315646, -0.48366599574102115]
9557	[0.40458280718070516, 1.038086005130205, 0.7795297831425299, 0.762734685448625, 0.13705691938846004, -0.35059482045016527]
9558	[0.2290080912350354, 1.168236469704274, 0.7149193588160723, 0.6935584561718098, 0.20185489370167742, -0.1591398436355719]
9559	[0.24557807994081315, 1.0082474561753711, 0.6289702544306355, 0.6316532278521136, 0.18173750402172073, 0.06227762856262615]
9560	[0.5141742303185006, 1.043227198381662, 0.7648320607766164, 0.7606228506138207, 0.10168769838065872, -0.03806909813660492]
9561	[0.24029401250046512, 1.0040279825180467, 0.9541984013583286, 0.9264432945860397, 0.08743191780640672, -3.746796959071952]
9562	[0.2471958519696157, 0.9904526530455487, 0.6996761574225937, 0.6711904190491347, 0.17596527555979175, -0.34135454437664464]
9563	[0.3625353354397527, 1.0092922515626201, 0.7670353659345206, 0.7521759189078866, 0.1324689450545167, -0.37168477987526644]
9564	[0.38550643659246897, 1.0038941473322112, 0.7502638523526837, 0.7338358568900055, 0.15720149430923355, -0.2522014354005387]
9565	[0.3822128863980352, 1.0418722363587654, 0.6701614802621167, 0.6858625339010365, 0.14394161699984423, 0.25043619330734535]
9566	[0.2531588822672206, 1.0302846760479965, 0.7250238869562949, 0.7099308342244864, 0.18192045241190885, -0.29004123306423235]
9567	[0.18488740012781835, 1.1113765073838584, 0.8801196925700314, 0.846251737681927, 0.15659275781504298, -1.5922003095933108]
9568	[0.3182793988304774, 1.1057991021515476, 0.6672331300628996, 0.666101441318657, 0.14954800458265533, 0.16421440054247144]
9569	[0.29206951397568914, 1.1353723076426858, 0.8325149745681767, 0.8110571686738721, 0.15946923226162465, -0.7572850881569141]
9570	[0.2597858231875435, 1.2424751042919702, 0.7230827191191429, 0.728692504252036, 0.1984286973009134, 0.0998234073211268]
9571	[0.26607235641380056, 1.0298075142309402, 0.6961143149011777, 0.6760085271730848, 0.15680227595589868, -0.16191482930135068]
9572	[0.4147133000784726, 1.241706089407375, 0.9178215555858731, 0.9048936391739892, 0.11398580652401602, -0.7383568666170003]
9573	[0.398613144154207, 1.0177788348789745, 0.7084501577211344, 0.6963304695591995, 0.14638181881875012, 0.014548200886809734]
9574	[0.41941934046741025, 1.0388254538042212, 0.7228743113967608, 0.7166554180057072, 0.12667578268136997, -0.037142259333296276]
9575	[0.3914609625237786, 1.0397733363091288, 0.8196943532807534, 0.7904844517489261, 0.1414276019437956, -0.47776378774811384]
9576	[0.10377790579143875, 1.0619242654823697, 0.6483735414374118, 0.6204552314285935, 0.22230187530625334, -0.17175840370388934]
9577	[0.28964869088068457, 0.9958826886503293, 0.6788499463289653, 0.6722745295146396, 0.1527771096683928, -0.04924644502311826]
9578	[0.3089544802618671, 1.081632981493346, 0.7316813473489772, 0.7225332582447809, 0.14466015331607576, -0.14386635233187933]
9579	[0.2827256168440274, 1.1483128146429635, 0.6960641976695985, 0.6892551803774293, 0.17376608440957184, -0.005891919997465995]
9580	[0.6743710950211064, 1.0624433333876249, 0.9231393383765445, 0.9133571283392531, 0.062252598128192026, -0.7074448505670135]
9581	[0.24235210844421806, 1.077447713441415, 0.6139479826059534, 0.6250653517048146, 0.1772729169578214, 0.1953657527671714]
9582	[0.21472061095915318, 0.9992243856327231, 0.6896805841528941, 0.6594312469403315, 0.18028643810439807, -0.32412515686430193]
9583	[0.3921150891508096, 1.0564634564748911, 0.6950291644537986, 0.6940276802428101, 0.13175462744710215, 0.1597549238001234]
9584	[0.2593735694738627, 1.0795490984055938, 0.8153693122682564, 0.7807879761728348, 0.17819945991573444, -0.7102666545153378]
9585	[0.3600834729672737, 1.0930974228270367, 0.8116203326837522, 0.7882757561276617, 0.1376215855081982, -0.6824885450831452]
9586	[0.3253198948638273, 0.9872060445639407, 0.6765433589413443, 0.674575893639891, 0.1403702605934109, 0.03799787661403119]
9587	[0.24020050115325253, 1.1209746465528334, 0.714983742942505, 0.6963640504524337, 0.16983408823953186, -0.3799658492106597]
9588	[0.3730318425089286, 1.035026930929361, 0.703343040925221, 0.7091719533789965, 0.13913302951523224, -0.0022164103980754444]
9589	[0.3889589301393688, 1.0390137783547126, 0.7598821127672861, 0.7471127346809512, 0.14088721526232473, -0.23069328698722105]
9590	[0.40182728008309, 0.993035710773537, 0.7162769645000844, 0.7102401800310669, 0.14154811042815904, -0.14964780136256037]
9591	[0.26247403656772506, 1.012595571932808, 0.6655391772480903, 0.6691834361784048, 0.16320997756176137, -0.017394312825673875]
9592	[0.27586451911973875, 0.9951362046439552, 0.7359258092112144, 0.7032049973007088, 0.16312886305469101, -0.4781779009863031]
9593	[0.2304662482329135, 1.083612675218154, 0.8492202766314996, 0.820213847693516, 0.15806392144788498, -1.0764268049131391]
9594	[0.7161612803226409, 1.1311724588951955, 0.9739543836154575, 0.9702793664379441, 0.045048943106388836, -0.687505677663124]
9595	[0.17589624521828517, 1.0205456253119547, 0.7142110552829878, 0.6793935293595216, 0.18897430412671015, -0.4298824038876827]
9596	[0.5962275756674502, 1.0541215158777204, 0.8845903930437584, 0.8673210533514207, 0.08875697501685599, -0.5734018631403518]
9597	[0.33441145385674653, 0.9857712827710458, 0.6787319717794367, 0.6712105292364898, 0.14634232514300344, -0.03690292958628364]
9598	[0.30001240145449415, 1.0226745465904805, 0.6849401589976862, 0.6734605768345274, 0.17873532350512128, -0.05450440659416339]
9599	[0.2921741442200608, 1.015970480366958, 0.6443928337748479, 0.6476457911808614, 0.16579006031675567, 0.14007126574177647]
9600	[0.2865064133631613, 1.0375732816754089, 0.6552114755003282, 0.6521825588447284, 0.16752010313493415, 0.02634415010214441]
9601	[0.17025065784486448, 1.0062965564508441, 0.5970199970555368, 0.6083537592104258, 0.1861671458820582, 0.08730922893583751]
9602	[0.35081257352099415, 1.114858592908941, 0.7020864014664976, 0.7014883405912729, 0.17343994091666462, 0.06218812318749016]
9603	[0.2584919424738773, 0.9893657409796769, 0.6183566876673072, 0.6256699698739614, 0.1505775497973333, 0.13115329448759008]
9604	[0.3215214773786541, 0.9856683739456171, 0.7222399437064241, 0.704480576573169, 0.15519180491611173, -0.18951042571471785]
9605	[0.4423153230956808, 1.038756840670377, 0.7438432556114447, 0.7378562197524472, 0.12437532102148352, -0.11404016037529106]
9606	[0.16823463673205719, 1.0735875544661428, 0.6531595950313844, 0.6490403728413331, 0.20534491158693435, -0.03598076310561187]
9607	[0.23182980711748746, 1.0083452116364229, 0.6160237232819704, 0.6231362579062601, 0.1637875247410634, 0.07772887745486945]
9608	[0.2322422923367462, 1.0367536458429323, 0.6249302837013868, 0.6248676008278247, 0.16407495143061732, 0.10281221593198794]
9609	[0.27529524528385796, 1.0499492610948162, 0.7644669427405432, 0.7293649386092362, 0.1782805266872284, -0.4789886170431]
9610	[0.4283233727775304, 1.12463659961165, 0.8312044790292825, 0.8097367505987509, 0.13602213447236092, -0.49893965178048766]
9611	[0.25617045855140674, 1.0397888506632953, 0.7980855942391868, 0.7613518381260228, 0.17655846135305348, -0.6737068960069006]
9612	[0.29590651431519244, 1.0199916116679442, 0.705206216236224, 0.692424478088562, 0.14722717027700363, -0.31059454276301923]
9613	[0.1863069611967174, 0.9951425005735246, 0.7458708577981031, 0.7103638532595526, 0.18348523453923393, -0.7266139451612847]
9614	[0.3725606421590708, 1.0152157023868178, 0.7372290395506149, 0.7397912159854704, 0.13290045482540055, -0.1078683299203917]
9615	[0.20963610290442602, 1.0170987404289662, 0.8196384101031307, 0.7734459472947781, 0.15620825265664623, -1.073130212123644]
9616	[0.5585734212794582, 1.1006086328307754, 0.8093051132569418, 0.8153562223957432, 0.10084194960331215, 0.23667726292949814]
9617	[0.17814477551688235, 1.0046776294966218, 0.8838273094870831, 0.8486135947922684, 0.1298355328936106, -2.6605625484300637]
9618	[0.16081723458350594, 1.104088945083795, 0.7438435741843512, 0.6952167090702025, 0.18018216774492732, -0.760663870635775]
9619	[0.44919415533474993, 1.0226574009360845, 0.8306069832788434, 0.8170318286938603, 0.10814056211196822, -0.5753284034826234]
9620	[0.236375836433258, 1.0303421463753888, 0.6129178898589551, 0.625097846178517, 0.17015294216883725, 0.1823312661484204]
9621	[0.27512454842055556, 1.006504595616908, 0.630901375106496, 0.6304083569385306, 0.15810307465232346, 0.11120075297343203]
9622	[0.30891793921888366, 1.0580370214550296, 0.6811864116495412, 0.6741683609816159, 0.18567831789956807, 0.04192357814706379]
9623	[0.4256630025860847, 1.0349963631167216, 0.7358651816915929, 0.7331465046271574, 0.12049604596484192, 0.022709405664674658]
9624	[0.4704528793022327, 1.0826677206599875, 0.8628998291842374, 0.8421375065721353, 0.12157119276110805, -0.7702808094838389]
9625	[0.2181141981366468, 1.0468305677115926, 0.6724869113506753, 0.6698455815323681, 0.1990823116910635, -0.0970822472423616]
9626	[0.5237540338131185, 1.030562514117506, 0.806439194243918, 0.795161749991189, 0.10494888591506223, -0.3222439374945481]
9627	[0.36776928117898977, 1.0120068381199434, 0.7643629985060393, 0.7463695443325022, 0.15226330125379428, -0.29680475350429425]
9628	[0.39867852615893173, 1.0216766330420644, 0.7691288394931782, 0.744488478312136, 0.15055309920805163, -0.332419457547346]
9629	[0.3035904654893907, 1.06436931312113, 0.7720019941805836, 0.7578414181140115, 0.1653039030412263, -0.3858574845134591]
9630	[0.37281290005995815, 1.0554495420449554, 0.6877752571100739, 0.6932269575119179, 0.15207906679454128, 0.20413977690414442]
9631	[0.27979477719134216, 0.992955590924055, 0.7625248645269512, 0.7496031266493206, 0.128736522609984, -0.43525061167495255]
9632	[0.30100738718417597, 1.0516520409233667, 0.6535463899573206, 0.6527646105180209, 0.14763221113691993, 0.018649444508923894]
9633	[0.25369584104785725, 1.0208537083725926, 0.8487660317058925, 0.8157562462017686, 0.15142661816340566, -1.3388874298604594]
9634	[0.23773943580427248, 1.0563746491402277, 0.6245963878149088, 0.6341556941073312, 0.1939271979562635, 0.1403593995387377]
9635	[0.3393533231157265, 0.9837321791429904, 0.6545662817435389, 0.6546390418888168, 0.14570984489960828, 0.0927332687816332]
9636	[0.5257381941349837, 1.0663661069667347, 0.8792536346448256, 0.8546147097384168, 0.11338737662607597, -0.7501699597257923]
9637	[0.32750303214169385, 1.078125629118271, 0.6598280979000193, 0.6698982456246961, 0.1561995232760659, 0.0671786194673787]
9638	[0.25939776761926203, 1.0359511653954172, 0.6946695715053003, 0.6705303678505706, 0.16151042269153318, -0.22310070962236989]
9639	[0.2719142234678683, 1.0439852906949516, 0.6698938911021337, 0.6613554973366583, 0.18490776762136818, -0.003595011685060374]
9640	[0.40636358210004897, 1.0118939192190657, 0.7330041827592881, 0.7192172586442426, 0.1317619333767216, -0.191794603574061]
9641	[0.19854834624116902, 1.0217252953759006, 0.6456874462572196, 0.6361361622751199, 0.1740985859103939, -0.08275465167881005]
9642	[0.26805260316391055, 0.9874599087236143, 0.6258762567492172, 0.6342840780729445, 0.14823115246924654, 0.18134356660322817]
9643	[0.8229367813154995, 1.0441133401738831, 0.9814289654089527, 0.9758768379175177, 0.027798896670971907, -1.2014847962930668]
9644	[0.1406900261376124, 1.0336355136243789, 0.9055518136573966, 0.866475390990105, 0.14688191163045775, -2.3824916622509007]
9645	[0.2275141880304674, 1.1623259620171942, 0.839187740227118, 0.814894886909805, 0.17625628867009588, -0.5675790519407947]
9646	[0.21004698393684662, 1.2482690792019029, 0.9326471968512928, 0.8998490719302702, 0.15178091034988725, -1.0126549953114137]
9647	[0.27599912309761554, 1.0195374786843885, 0.6907794993439391, 0.6766593021819048, 0.17752329514643084, -0.11678871741343047]
9648	[0.21578474830446293, 1.037557081613732, 0.7638231018334891, 0.724137037642945, 0.1625549327668958, -0.8251027611317785]
9649	[0.5301991947173931, 1.1348696458366052, 0.8290526227567673, 0.8393310049012831, 0.10799293576469099, 0.28603320257654147]
9650	[0.3535341920029108, 1.1319543883645253, 0.8451414350439179, 0.8089047451247023, 0.1570068707100632, -0.6061893114094067]
9651	[0.2951396378283868, 1.1011486022420354, 0.6819616620019807, 0.6787773437111878, 0.1614647084446263, 0.0850921231470221]
9652	[0.2965967468852463, 1.0034096256465863, 0.714274469000995, 0.70003557494861, 0.15269009040578307, -0.28887412432043136]
9653	[0.34398316672317775, 1.0418597779846765, 0.680470780049964, 0.6720465823319196, 0.1655121888828962, 0.08851636110955302]
9654	[0.47591970394098626, 1.0528393885836047, 0.7526478482227754, 0.7535342300211287, 0.11432276564548058, 0.06455456412876857]
9655	[0.15211776666432442, 1.0522171416976607, 0.693343812540454, 0.6537921308137944, 0.20653315344008427, -0.33213117244898743]
9656	[0.2445539587158888, 1.0809003369016388, 0.6910341841029558, 0.6646057141719769, 0.1866415230112561, -0.19296859695864818]
9657	[0.38295143603216064, 1.0780256603090634, 0.8169505039905176, 0.7925498627880869, 0.1346672396380103, -0.532402354673171]
9658	[0.34973642007705585, 1.0652443952686887, 0.6832218831356534, 0.6973991976120957, 0.14126103752459993, 0.28165055119017435]
9659	[0.44119901680262097, 1.0552006948406423, 0.8088885852617784, 0.7999322672404603, 0.09799280256777551, -0.43981842598257287]
9660	[0.3334983327505069, 1.003900519862057, 0.6946781537222397, 0.6834099920705936, 0.16551723728709294, -0.14675652347489504]
9661	[0.23375415949492862, 0.9934036208825519, 0.6284783404915076, 0.6364159573607457, 0.15189924794994372, 0.16537099630193558]
9662	[0.42070363044424286, 1.0261721119316827, 0.8179255817988171, 0.7980390087332081, 0.12649780907439645, -0.4973531909214781]
9663	[0.30442296128691915, 1.016725802310292, 0.7240371698289305, 0.7174905754686112, 0.14969815966597136, -0.19271424845743196]
9664	[0.3772169232168583, 1.0293317752394915, 0.7802935201937133, 0.7592443908329404, 0.1401213146447454, -0.39523516294750816]
9665	[0.10307837534810771, 1.0014053124793298, 0.9441398158880923, 0.9166608421887654, 0.1007191983596882, -4.268930506845637]
9666	[0.29195700594107066, 1.036621290416491, 0.701742442399873, 0.6875611320633754, 0.14452653408338167, -0.13797933294564352]
9667	[0.41252241094276254, 1.0778456456643366, 0.8700659757022874, 0.8570312619897203, 0.10572498542198729, -0.7717848116261323]
9668	[0.2556171836784571, 1.242633435062354, 0.9679909411757621, 0.957559089071969, 0.116151789996407, -1.0247875787974192]
9669	[0.24864335187582576, 0.9899280380272876, 0.6244332596226956, 0.6229928593764814, 0.16157560032287177, 0.07317771829259943]
9670	[0.3048592295328757, 1.0282271293659355, 0.674930256897169, 0.6636209156431963, 0.15397947005084642, -0.11056100351740192]
9671	[0.5114074191834956, 1.0105748501738043, 0.848533750621616, 0.8298837627565434, 0.09805275254392645, -0.5459792192735815]
9672	[0.19816966418669968, 1.0570816235540559, 0.7822954140081224, 0.7344126085667512, 0.17284821974182646, -0.966223422556137]
9673	[0.24840298516937487, 1.101783506857491, 0.6279107595463927, 0.6503141443747259, 0.178375360956711, 0.247482169269055]
9674	[0.19854834624116902, 1.0115726979441153, 0.6310582249265744, 0.6273462820906364, 0.18008719808043935, -0.07627944360558674]
9675	[0.4761556921560568, 1.01949811312108, 0.8416522490164022, 0.8176517458760312, 0.11050612255477824, -0.6123031151824082]
9676	[0.10377790579143875, 1.0293639988433472, 0.6538379110996518, 0.627938489028083, 0.20773662434659038, -0.18214561249112413]
9677	[0.15211776666432442, 1.0922492514231412, 0.6859151650412277, 0.6685012628884786, 0.22123601146164557, -0.2205656607102583]
9678	[0.26247403656772506, 1.00719133118656, 0.6562243796768358, 0.6505548574509804, 0.16619728869741418, -0.03517736637537804]
9679	[0.22714228983439078, 1.0611273968397987, 0.6813330391245296, 0.671458807728652, 0.16761777067886405, -0.1666170053907911]
9680	[0.37269527209319486, 1.052413633442662, 0.7431741173626853, 0.7371803034186923, 0.15043402221301347, -0.2388520871965163]
9681	[0.2877394462659152, 1.1697215363314268, 0.766789460522489, 0.7518285774808595, 0.18473037975750134, -0.2164223590580421]
9682	[0.32925471215227997, 1.0180636240924619, 0.6564855952443651, 0.6598346286496803, 0.15510049314116348, 0.1266651396417773]
9683	[0.1863069611967174, 1.020719794961088, 0.7708681774917938, 0.7326562259217017, 0.18503302325996562, -0.7697577585537388]
9684	[0.250496350739542, 1.1485046135029413, 0.6974898664488207, 0.6916352164317944, 0.163323740180052, -0.08191870947007822]
9685	[0.23277566752224443, 1.0387873390540048, 0.7427294507516802, 0.7179445539249016, 0.17987318842405023, -0.5862774818259853]
9686	[0.32907736900416795, 1.0918649064954329, 0.7042185519904094, 0.7023011064793679, 0.15202450277705606, 0.06369884308228671]
9687	[0.38616817693080197, 1.1711799491342019, 0.8286349315911689, 0.8114221459046159, 0.13784000208862016, -0.3285415235992267]
9688	[0.18702198099660672, 1.0485872996245846, 0.6431881780389035, 0.6351128862083419, 0.20621396471710313, -0.09587343690291952]
9689	[0.25281050248860926, 1.0075811035891458, 0.6131922229017167, 0.617141129710617, 0.16597150358296256, 0.1151405996321815]
9690	[0.18845656436442138, 1.0068081793309878, 0.8387499780963263, 0.8018941774337164, 0.15351503219056578, -1.2410819258809216]
9691	[0.20570956913297045, 0.9885912847939657, 0.651584791305115, 0.6300846195698491, 0.1911907313510897, -0.2661227225044546]
9692	[0.38432902146379877, 1.0148508698103809, 0.6811728806264101, 0.6897049460359005, 0.14074091829665952, 0.21804178648698444]
9693	[0.41349897861202334, 1.0744111527261557, 0.7221703579874745, 0.7234082242508036, 0.13176173564812324, 0.04246279485196]
9694	[0.2589235449273444, 1.1371474331564297, 0.7559248489223293, 0.7375233900420757, 0.15982399333212746, -0.4959169319788485]
9695	[0.2284554828857478, 1.0862660397857369, 0.7018060218724891, 0.6960335121006779, 0.14937516651766555, -0.18737884873705843]
9696	[0.26465851819790764, 0.9870946760289403, 0.6562772439120186, 0.6531364227901892, 0.15889493571036928, -0.10921354943414847]
9697	[0.5233687888939282, 1.144913169342807, 0.858522026998801, 0.8509129027037302, 0.09565523000699984, -0.3646276020944544]
9698	[0.30787100028726666, 1.017091783293485, 0.6962476137407458, 0.6829585259661496, 0.17992382151208608, -0.07072716305999885]
9699	[0.2159513215343184, 1.021982141420121, 0.6660739437174146, 0.6449899996641545, 0.18241324121522234, -0.17213277235234112]
9700	[0.19180521856365096, 0.9989552215475282, 0.7530362476493169, 0.7067360665072066, 0.1956340291645633, -0.5420333191492825]
9701	[0.26133601917400917, 1.1245435460474131, 0.7843938067129372, 0.7576398350216883, 0.18409438921418936, -0.5261841037899169]
9702	[0.17912711873026732, 1.015865438296364, 0.7981995746418659, 0.7565232476032066, 0.16378922685403854, -1.0946865262979009]
9703	[0.3435044297812059, 1.0479915180921975, 0.6875007130338139, 0.6956753167332217, 0.15538110827984122, 0.11426794627044592]
9704	[0.3936401574154109, 1.05477992224768, 0.6933976199483475, 0.6978922417560047, 0.13939250564432965, 0.18908338203606415]
9705	[0.8900955536579052, 1.0174355384628924, 0.9803700638003779, 0.9777659192193336, 0.017527480137735252, -1.1686923062784202]
9706	[0.2501966914255038, 1.0731411427557247, 0.7285118685972494, 0.7123416684133612, 0.15540811740680718, -0.44687120921098905]
9707	[0.17446255746116446, 0.9940131870342119, 0.7389498602430584, 0.694152911798162, 0.1832214467071753, -0.6398373875360884]
9708	[0.25786918699376726, 1.0299200265549673, 0.8043850329671376, 0.765258547344235, 0.1656025797380637, -0.8742153067520159]
9709	[0.15455447666251876, 1.034959314718964, 0.6155696680475664, 0.6005493941991167, 0.19098794999532376, -0.1356631279981946]
9710	[0.23773943580427248, 1.033209982254771, 0.643231546621704, 0.6491426399671061, 0.19307224169330395, 0.09493131660595877]
9711	[0.27506907358963917, 1.1020596805552552, 0.7176313884921575, 0.7061676934405624, 0.19539736353980292, -0.1223415226160737]
9712	[0.39076541567157475, 1.169909371438025, 0.9275400384500473, 0.902618756836758, 0.11983897664939064, -1.0186115030982916]
9713	[0.3462478098665749, 1.00831523085161, 0.7479808569252964, 0.7392983658848667, 0.14440080248523168, -0.27852645765512835]
9714	[0.40427998786005626, 1.040578396791403, 0.8019947776371525, 0.780848425601016, 0.15002659087023676, -0.508364095076466]
9715	[0.21528745994863818, 1.0226935458361626, 0.61028757024962, 0.6108646728212761, 0.1848180220143502, -0.02349793556632238]
9716	[0.3200753953801396, 1.1001962152841755, 0.8597449549447013, 0.8255523607009837, 0.1551032267812399, -0.8512541652351101]
9717	[0.36788140861138596, 1.091675195879944, 0.7200907683158826, 0.7150220962100691, 0.14282150176958297, -0.012551638122017423]
9718	[0.2685931127487259, 1.037486440052142, 0.6300797983990762, 0.6384733415050836, 0.1777224798086136, 0.11023027827765933]
9719	[0.24184583067346055, 1.0495049298151466, 0.7348887517601077, 0.7001437733382128, 0.18074373391318946, -0.37074699003781736]
9720	[0.5712848233587158, 1.218019362657185, 0.9815502247151161, 0.975644386370198, 0.07811761989976614, -0.5815192283206366]
9721	[0.3837004950890862, 0.9932747446651237, 0.6838786606257662, 0.680687339996136, 0.13423164025390327, 0.09246730044153294]
9722	[0.22009778011880488, 1.070559106725218, 0.6987698369807027, 0.6771428149812403, 0.15101389658957315, -0.16765172312426732]
9723	[0.2304169616621612, 1.0587964409360964, 0.821919609369811, 0.7880324435988969, 0.17179660197934235, -0.8715843549756437]
9724	[0.4050380660076768, 1.0368217280973984, 0.7801652324518632, 0.7676069577874558, 0.11856069945899553, -0.31216862820467556]
9725	[0.10132065450115857, 1.0283097904340355, 0.7726739248106121, 0.728688542299901, 0.17533059949696764, -0.9059735561827676]
9726	[0.30593436576293176, 1.0226822781089553, 0.7199099411582353, 0.7004525979312057, 0.17377264027863082, -0.24591259841102034]
9727	[0.39521845455076154, 1.0714988587523835, 0.683081682574154, 0.6863036809879858, 0.1331669659085595, 0.24175964055126256]
9728	[0.3134998202237107, 1.0674390085024372, 0.6815613217474484, 0.6753917785392867, 0.15511696824651244, -0.005153802527424707]
9729	[0.3639041904159016, 0.979719433922106, 0.7035128523365057, 0.6991678815268267, 0.1416185737767517, -0.13979147732200853]
9730	[0.3401205162620541, 1.074415622760583, 0.7905842102015271, 0.7610774158319781, 0.15193497822181326, -0.43108182412860635]
9731	[0.38706728894693154, 1.0827556928207684, 0.7022774071539739, 0.701023421107669, 0.1407684924998083, 0.14268800345536123]
9732	[0.3622995208932098, 0.9944242491384969, 0.6919273672005222, 0.69540500102846, 0.12365121365676987, 0.10025449745822908]
9733	[0.21054331827457717, 0.9971311003844671, 0.797297463394041, 0.7516000479603994, 0.1704656550741135, -1.0427854252787463]
9734	[0.2938896872560748, 1.072253483516974, 0.653119859377129, 0.6605251629436872, 0.15115564560628658, 0.15112317077810117]
9735	[0.3298301906504031, 0.9992068334650467, 0.6681498104094659, 0.6630052617844099, 0.14901914951287928, 0.0474734125705547]
9736	[0.3005377554451506, 1.0396352330454575, 0.750145513474472, 0.7311911228242232, 0.14608603759451722, -0.4384414619841952]
9737	[0.10307837534810771, 1.0218493204244143, 0.9393011509312168, 0.914372993522442, 0.09814024257917695, -3.9394210271335592]
9738	[0.39865260772906996, 1.0873208030597492, 0.8379721487129159, 0.8105578784052222, 0.14093206378533565, -0.6928699948957672]
9739	[0.29261709411726256, 1.0068527367074112, 0.6789203708908398, 0.6614649287381886, 0.164958969414324, -0.13160789614864496]
9740	[0.2402583431314519, 1.0761152855048066, 0.7190254702552574, 0.7024560412029336, 0.19591209465544535, -0.23306932810983413]
9741	[0.23288648693923863, 1.1123033688803396, 0.7398785174555795, 0.7253371844766396, 0.19089391349556956, -0.18779716653596548]
9742	[0.16409638616832167, 1.0010187761587281, 0.6634701144125876, 0.6326399105236744, 0.19325236144112676, -0.2546907774837813]
9743	[0.7161612803226409, 1.0637452989927059, 0.9622915926255622, 0.9534372476653322, 0.04756714314644281, -1.0224898182719235]
9744	[0.28488554914583464, 1.033711407906489, 0.6716427531532239, 0.6684522756867818, 0.14425007951390756, 0.11593847483121587]
9745	[0.8277390700524186, 1.0501737277417738, 0.9840309126916208, 0.9817319736810447, 0.02304571858559232, -1.575011458168669]
9746	[0.39076541567157475, 1.18614564062565, 0.9358948467568742, 0.9058623283851311, 0.13969256991600568, -0.9498887196519092]
9747	[0.4367547049565702, 1.1145935179768254, 0.7417266620096639, 0.7447542958451455, 0.12135469417105017, -0.003150935093577641]
9748	[0.4239407468628088, 1.0740984594726377, 0.7008107620930766, 0.7119408617301366, 0.14649263359801848, 0.27107763913134153]
9749	[0.2546517073200658, 1.0156103829676006, 0.6695374069500706, 0.6538156979569063, 0.18275781752644152, -0.15874204809043085]
9750	[0.3085621065675276, 0.9868961738784693, 0.6573579888012288, 0.6549895077687532, 0.14983490091206436, 0.05002703654919297]
9751	[0.2663689454125435, 1.0015318336607686, 0.6308423845160942, 0.6364978457734631, 0.1702236063981882, 0.1610042467974853]
9752	[0.27851907718726454, 1.1334371965784555, 0.6767164820955485, 0.6936870805484815, 0.18330684078859225, 0.22341850680432232]
9753	[0.3518757145458725, 1.0474346917930974, 0.6718017765973967, 0.6802105217627303, 0.15059861456256463, 0.2244066037980528]
9754	[0.327596195198667, 1.0313739669796338, 0.7257040708015237, 0.7020427001469209, 0.17838951532330943, -0.22382986903051166]
9755	[0.43276405961518905, 1.1243705995448365, 0.70548933198496, 0.7201776345792812, 0.138956658394295, 0.4141617208662107]
9756	[0.2925927421309197, 1.062846259439074, 0.6966004464035521, 0.678208421046018, 0.16320053275925683, -0.22947166828522925]
9757	[0.24235210844421806, 1.0638575105333905, 0.6463273249152246, 0.6420586331702245, 0.16391430831202175, 0.08573397488476399]
9758	[0.31247725467623644, 1.0376467678673469, 0.6561458596836527, 0.6645843673249525, 0.14890254099704928, 0.1500190295535681]
9759	[0.21793821848028871, 1.0164976758270174, 0.673336181369073, 0.6448420429149877, 0.18564702805621858, -0.22049973802232609]
9760	[0.31881606703657905, 1.0499010624249057, 0.7319044095292717, 0.7139017658922964, 0.17581642675623294, -0.15512433684593566]
9761	[0.3549440412497269, 1.0591822958873724, 0.747675697669638, 0.7346730742895066, 0.1422436608554695, -0.3004831388873312]
9762	[0.2556171836784571, 1.265512817191187, 0.9611442570117105, 0.9453101568144268, 0.12836496239801487, -0.9308204116035019]
9763	[0.24502723152546446, 1.0121876089252866, 0.6700809940911474, 0.6561415766866748, 0.17627574542717833, -0.12429984568054889]
9764	[0.18327648133015495, 1.0207992315174432, 0.5809103761665126, 0.5925376930436599, 0.16755435841257882, 0.25543907547854267]
9765	[0.29201731985814505, 0.9988141526071885, 0.6877193842388933, 0.6639518342121569, 0.1727897691802659, -0.16043666188069958]
9766	[0.4263410039232737, 1.0531753315372645, 0.7624853551586812, 0.7544420602895113, 0.12236491424396494, -0.13352344331907545]
9767	[0.39110689050769454, 1.0045100416555488, 0.6855488894728414, 0.6915839581269146, 0.1270817337246531, 0.13133268583025562]
9768	[0.3988228979877071, 1.0300946640940571, 0.7644772310706812, 0.7476635955410498, 0.1539241806438187, -0.3333222786192578]
9769	[0.3055047495046286, 1.012951117991054, 0.6539663975093453, 0.6617411226374301, 0.16143376223190714, 0.1892909195242783]
9770	[0.22084724046343707, 1.0255823405770674, 0.7779691172341928, 0.7358903478354277, 0.1809250805446192, -0.700215671440604]
9771	[0.2662038555375197, 1.2386321652218202, 0.763135000509445, 0.7505332273853089, 0.1777403749795426, -0.17834831852331592]
9772	[0.2758263482129404, 0.9939778785292089, 0.643520512571955, 0.6470019138506288, 0.1471833500852647, 0.11878876752804467]
9773	[0.24358003868662448, 1.0798599569062872, 0.7176091523319522, 0.6985588521294925, 0.18149403145759416, -0.2420171073031197]
9774	[0.20726585142127985, 1.132233863457759, 0.6993962062646478, 0.6851356860859713, 0.17196763117131147, -0.24526592312680448]
9775	[0.2747246134454707, 1.0185304734983416, 0.6929887251294811, 0.6677826449121632, 0.17983681630841744, -0.22654832766404098]
9776	[0.3710774521422977, 1.0116299763217673, 0.7325569281781638, 0.7278232620833448, 0.146766272895304, -0.2803999383486461]
9777	[0.2928366665237838, 1.1005841678060653, 0.6380177995780212, 0.6442777858457053, 0.15042053232154923, 0.27935211502373036]
9778	[0.3710760942106085, 1.1161855987999645, 0.8777142105109126, 0.8483596708107788, 0.13252299921306596, -0.876597809649788]
9779	[0.19955187524930273, 1.0523005400439809, 0.6573981279541316, 0.6389895177188406, 0.1765872122822793, -0.13827529702183108]
9780	[0.3875916836852018, 1.0901165407582487, 0.7147409732541914, 0.7257576329909556, 0.15850145260157583, 0.2248783264140525]
9781	[0.30197639005594923, 1.1221551915824655, 0.8199567201987897, 0.7858051041117771, 0.1721550063407277, -0.6938920043544554]
9782	[0.17025065784486448, 1.0474904892489654, 0.5983863966142586, 0.6136178074563372, 0.19570699995055954, 0.11683464082633178]
9783	[0.4355043459945719, 1.0299400740464468, 0.7118478836184272, 0.7196746845464035, 0.13723766409595103, 0.2085739696379149]
9784	[0.24486310650605492, 0.9799519285136034, 0.6598269269371965, 0.6518248946609759, 0.15999102096803405, -0.09024568585453041]
9785	[0.23033156943764355, 1.0867018671305817, 0.8013186281175118, 0.7668777614908454, 0.17349906942529186, -0.5992401011584967]
9786	[0.3634863619077171, 1.1259737276594324, 0.8407416958230804, 0.8130038860167222, 0.15934832314341862, -0.5602575328625906]
9787	[0.2584919424738773, 0.99305443391009, 0.605128999428765, 0.6097907954013787, 0.1603925346903386, 0.1340439923614091]
9788	[0.313286140326273, 1.0148978126480457, 0.7145797903086692, 0.6961353685577801, 0.1431454279176071, -0.24982252548242445]
9789	[0.34527602593644435, 0.9834726841804141, 0.7076810858435876, 0.691930403878245, 0.13978017473276594, -0.158444768526772]
9790	[0.3897312984399728, 1.0366888592439774, 0.6958470827782455, 0.6982787677666366, 0.14870193520844757, 0.13902024120160913]
9791	[0.3457434116975743, 1.0106489726049417, 0.6560143216603935, 0.6678544455588782, 0.15274867446297613, 0.21492768144166624]
9792	[0.40030447167959526, 1.0508974901459813, 0.7568277901609538, 0.7509086980741355, 0.14928568055760624, -0.12332923903399987]
9793	[0.2638609203228973, 1.0704501792165837, 0.8050883827520097, 0.7772638616585928, 0.17193249727645807, -0.7282962067172211]
9794	[0.16081723458350594, 0.9989338496844592, 0.7513107493808451, 0.7115317932952536, 0.1838160879707024, -0.7508174546586122]
9795	[0.2557113823617633, 1.0031264704689509, 0.6436138077687468, 0.6401007845984903, 0.17215090871583952, -0.015598423872818056]
9796	[0.29731406798313864, 1.0156739014452898, 0.6704747871319827, 0.6666055673595178, 0.1540784830309672, -0.05553715353122612]
9797	[0.41252241094276254, 1.265512817191187, 0.8874697220054745, 0.8733530327090587, 0.14257059001040015, -0.6250915364903024]
9798	[0.4879813654906452, 1.0340014135287585, 0.832472244325021, 0.8216272018171092, 0.09244615522026386, -0.5054962364660928]
9799	[0.2501966914255038, 1.2032943355640646, 0.7863663030036253, 0.7681501247606165, 0.156856037684889, -0.5105074586738343]
9800	[0.18173032161815306, 1.0052123564656374, 0.6720347348424677, 0.6372651077411978, 0.18691196879945707, -0.33028337342398456]
9801	[0.3365048948439544, 1.094091126675504, 0.8523766526624785, 0.8232961236254182, 0.15317379390994168, -0.7553800625505219]
9802	[0.267599630593196, 1.152101499802865, 0.7152352693432131, 0.7116903123730467, 0.15880049531503435, -0.07473045540679508]
9803	[0.1406900261376124, 1.0163328333709802, 0.8758009764774597, 0.832754938413873, 0.14979600593118683, -2.102305531924849]
9804	[0.18327648133015495, 1.0210281349019348, 0.6325400814625256, 0.642185483768403, 0.15292726069151436, 0.17333129845052198]
9805	[0.33309599190899386, 1.0192312605030565, 0.6542898484168567, 0.6634935790546292, 0.13509637920687662, 0.1859746784963155]
9806	[0.4239845934556058, 1.0573520146870392, 0.7124078216002517, 0.7327245873750307, 0.14408398660439412, 0.29616180052286817]
9807	[0.3984344084714301, 1.0228803133166715, 0.734937160413043, 0.7210378342537325, 0.12786149887380951, -0.1658883222895813]
9808	[0.24864335187582576, 0.9835509757765911, 0.6172387790655607, 0.6279303559325923, 0.1599672041908628, 0.096104222756221]
9809	[0.4181499027582263, 1.1208110047178557, 0.780735944631719, 0.7704380610472231, 0.13423064294200288, -0.26773431590970365]
9810	[0.21260801405312368, 1.0191809857252019, 0.7101534187692924, 0.6772294839551527, 0.18317946221563108, -0.33528471995741577]
9811	[0.4069923299862025, 1.1547138982068224, 0.7572433177435949, 0.7554100966110779, 0.16946766613584432, 0.10629828930380265]
9812	[0.41818922428337224, 1.0543739592741315, 0.7413687340046953, 0.7327271995088082, 0.13982653568657988, -0.13024495489973748]
9813	[0.40290940583870416, 1.0615901659315137, 0.852823407942001, 0.8192863641223274, 0.12417857669924241, -0.9289789226406553]
9814	[0.37110451268142464, 1.0491451988492533, 0.6886278287099704, 0.6914131559680928, 0.15707542708582148, 0.16449847526607422]
9815	[0.2757290202338779, 1.0072457461822122, 0.6424245353662257, 0.6516790661310121, 0.14710094561712478, 0.16728793009452497]
9816	[0.2558880534291177, 0.9850087004351764, 0.6408615393599626, 0.6460029307672848, 0.16153944552218635, -0.0026936019552334886]
9817	[0.28917471675237205, 1.0215525389667477, 0.6460302199052637, 0.6520705061563956, 0.14254259753160478, 0.20864930609453755]
9818	[0.3064850221580103, 1.0791418946350664, 0.7631412308401754, 0.746704047235587, 0.13883622637937335, -0.5303150061227916]
9819	[0.3998555097011146, 1.0818366854012167, 0.8107115543850592, 0.7863519746655516, 0.13545927191209628, -0.4160364830835125]
9820	[0.42659008625233397, 1.047318956295787, 0.7207960451726659, 0.7257436586630871, 0.1314364540751665, 0.18811654683993237]
9821	[0.25224695543008646, 0.9936067727661388, 0.7609257957597065, 0.728196688117734, 0.17164444744753204, -0.5788625864364306]
9822	[0.3548210549423938, 1.1267273902864992, 0.6758745806075925, 0.6963207760481993, 0.154530558306806, 0.27641649758330256]
9823	[0.24202034727882282, 1.0518437723631222, 0.6220285012416014, 0.6215634668761553, 0.17130385536457626, 0.08390335498566379]
9824	[0.3220768589224424, 1.0461275608970453, 0.8007064470197154, 0.7797445475891693, 0.13108112613618944, -0.6362885706510786]
9825	[0.199845489104733, 1.0102142620768828, 0.727669013835956, 0.6981158442464429, 0.1830809074690372, -0.5110447327839492]
9826	[0.3466551938069513, 0.9927173212719647, 0.6706858671583368, 0.6667869321486175, 0.1506286481908506, 0.05479871180832394]
9827	[0.45168132552269347, 1.203143157042045, 0.8893085915055894, 0.8762014722349369, 0.1026770294657335, -0.8020418092229337]
9828	[0.2072721191665271, 1.0575253049504492, 0.62092686837695, 0.6264534061376942, 0.17426576675865543, 0.06030950730493475]
9829	[0.31649160391014186, 1.0129074904041009, 0.7064384485829445, 0.6838378897868043, 0.16738851632404284, -0.22445185053481878]
9830	[0.2498195982057917, 1.1471335058979015, 0.8118014718943758, 0.787684056419534, 0.17497286117015226, -0.4233146576218991]
9831	[0.23566752523988532, 1.0534686826579218, 0.90421606139759, 0.8721878702354839, 0.13525618970571496, -2.1890797772715533]
9832	[0.27188507963274966, 1.0227364439821545, 0.625313150017113, 0.6345123626037922, 0.17536857478842408, 0.09835211663637251]
9833	[0.4909298119685903, 1.0607973778612434, 0.8670196525609112, 0.8429609727477371, 0.11725957942766035, -0.6046152870338822]
9834	[0.5954323102008048, 1.1326999821039865, 0.9283303067309358, 0.9172624919174449, 0.0870174033739204, -0.6546112750182537]
9835	[0.16686979296792215, 1.0057411552851152, 0.745122676804204, 0.6959830765700984, 0.19075226501050715, -0.7152904900270348]
9836	[0.308870187208216, 1.0059187663618687, 0.6408959216805157, 0.6512692900113239, 0.14430609157477423, 0.20349629108486764]
9837	[0.30578924215884795, 1.038912143940521, 0.6924087283929508, 0.6811316729817436, 0.1862994150778929, -0.13377544729780128]
9838	[0.4553032120732571, 1.098741889732161, 0.7342720168215132, 0.7517369485047801, 0.12961020512544402, 0.43329234837208086]
9839	[0.3993395032559828, 1.0637452989927059, 0.7020131132015244, 0.7181864991057875, 0.14499196304189246, 0.2662663685656855]
9840	[0.18845656436442138, 1.0642594584041614, 0.8529934018024733, 0.8186169197562115, 0.16545331444564138, -1.1612498031947749]
9841	[0.44881941639070033, 1.0037906585156835, 0.7657213678332465, 0.7551676317115595, 0.12214333480352503, -0.2013780135928619]
9842	[0.3797545275091436, 1.0602088647986292, 0.7224110809139339, 0.7135902636127073, 0.1408515116388948, -0.16292164865235864]
9843	[0.24597332376621983, 1.0037851987977284, 0.7442971097240373, 0.7081220283875873, 0.16736983205824774, -0.6050037290179736]
9844	[0.16330863575394672, 1.0398797171271923, 0.704465717355067, 0.6596300202563029, 0.21188644328781014, -0.3617113865214406]
9845	[0.3244082915158518, 1.0314928539651258, 0.6466926955086417, 0.6487413762916981, 0.1518003276009279, 0.19518250331210651]
9846	[0.3782628656923458, 1.041873202760411, 0.8173295224828555, 0.7889503920293542, 0.1422393755571395, -0.5972789828282136]
9847	[0.3115130239525078, 1.0114467233302253, 0.6775765415209689, 0.6830256413228647, 0.13579198029919826, 0.0807040524375304]
9848	[0.394778332715106, 0.9786553866381128, 0.7497549780537206, 0.7379947034222082, 0.1304092442240576, -0.2487854004565256]
9849	[0.23154309875594004, 1.0356111712849656, 0.8756093223972057, 0.8433481803515269, 0.1494395482818905, -1.7560058532374956]
9850	[0.43739371594197174, 1.0254633026358535, 0.7152875040847303, 0.7137499646003316, 0.12466289488207372, 0.12539248266584385]
9851	[0.4662961287614804, 1.0957046140863511, 0.81033377959963, 0.7963301010570576, 0.12450517378244605, -0.3538626117470092]
9852	[0.29182782638221816, 1.1680417746854386, 0.8560414229742802, 0.8241326979584785, 0.1641415446572844, -0.7560838176821765]
9853	[0.3423355856509982, 1.105274586695017, 0.6981019038911294, 0.7065853067636733, 0.15077505962417564, 0.17293993609904162]
9854	[0.24053831506242784, 1.0076887548053906, 0.7493923287353923, 0.7211700189044273, 0.1790391224458417, -0.6375122284568602]
9855	[0.2887331861533522, 0.9929587766275347, 0.643505830366363, 0.6388550619765406, 0.1556911169460236, 0.06223378228985824]
9856	[0.5218533115619622, 1.0267464581920687, 0.7492966617793946, 0.7513590263098897, 0.10551859562978841, 0.1996697041415243]
9857	[0.14670734237530025, 1.0030515779610651, 0.9225336111454837, 0.8969557589115998, 0.10443694559219362, -3.309948324010637]
9858	[0.2991165096492223, 1.0654463148674052, 0.8024786813569345, 0.7597713976279669, 0.16529332300115798, -0.6691754674892691]
9859	[0.20124488564939924, 1.0758337440433783, 0.6072510889259393, 0.6244484311343713, 0.18816998695049292, 0.16877703653942558]
9860	[0.3280047771429586, 0.9890758387084124, 0.6541259688872038, 0.6598795016153162, 0.14738646443155956, 0.11069391477299503]
9861	[0.4519583061633513, 1.077281378122465, 0.7232817163273011, 0.7276020937091651, 0.1292223985907787, 0.16496858677240678]
9862	[0.3800082639566613, 1.0689246544705613, 0.8399792028321185, 0.8144160801766231, 0.142386394360045, -0.7504281187998784]
9863	[0.18610853229718938, 1.1461019900640197, 0.6386277905765967, 0.6553585619044628, 0.19855891331012468, 0.23001477427561373]
9864	[0.30783823081306116, 1.069966748651731, 0.7633492942662599, 0.7475638887619739, 0.16875764732985488, -0.2160600812250508]
9865	[0.2275141880304674, 1.1425042545708692, 0.7851796265738846, 0.7704727091422983, 0.17349532152037256, -0.3919257803285768]
9866	[0.29481311617935135, 1.0244576898724944, 0.6473252599792034, 0.6492959413051154, 0.15371261854702972, 0.09499912895737686]
9867	[0.8858756151607058, 1.0248204617965986, 0.9787550141724105, 0.9763987573118976, 0.019401385119563228, -0.8700700596602556]
9868	[0.28446819588038563, 1.0348849619233362, 0.6602566163959063, 0.6613789150626521, 0.16575914200362377, 0.05186059903997435]
9869	[0.34596125145936996, 1.1601370538148716, 0.6960906000563859, 0.6901790848207007, 0.14405613769063114, 0.014287039883791035]
9870	[0.19816966418669968, 1.1396974894922232, 0.814079174335538, 0.7869214687594058, 0.1551769524709011, -0.8457724197315837]
9871	[0.519033035306921, 1.0151579113364253, 0.8411161346634481, 0.8290278967271976, 0.09531424103911476, -0.4129712182596674]
9872	[0.17589624521828517, 1.0040356302812867, 0.723402453206296, 0.6904309886465083, 0.19251047689500145, -0.47343947045062956]
9873	[0.4502058161056809, 0.985482263304869, 0.7215221566187062, 0.7216125300664794, 0.11967765897725574, 0.06727394814527692]
9874	[0.30437645523880685, 1.0743334334992871, 0.74787950828511, 0.7340397732549365, 0.13980697409857512, -0.4023552736204265]
9875	[0.7431055521062195, 1.0331419530772672, 0.9430375223732739, 0.9332940502480651, 0.056796816063056234, -0.9072586337305886]
9876	[0.5129115460012942, 1.0059441000803617, 0.8079256747046695, 0.7999691795118304, 0.09748689520410103, -0.42124831984350386]
9877	[0.2763755682528607, 1.0118992078108082, 0.6350434073242153, 0.6325172009627266, 0.1684158614117426, 0.06398669266226964]
9878	[0.439592871290686, 1.0459684554069195, 0.7305955444270447, 0.7339206552770491, 0.1249030430029954, 0.09833936794527044]
9879	[0.23033156943764355, 1.2112496519862792, 0.8555902744963132, 0.8185236918358499, 0.18773979691168383, -0.7131340478231507]
9880	[0.4865416853370653, 1.2265541505423567, 0.7992975830697429, 0.8115943060873029, 0.14948587355274956, 0.38696673591766656]
9881	[0.3291863141272926, 0.9885377024169143, 0.6875475707908743, 0.6823428845693849, 0.1445220017378419, -0.10309621605827753]
9882	[0.26465851819790764, 0.9914063070172152, 0.68279895520202, 0.6754201510039873, 0.16122763397465328, -0.14031760368461224]
9883	[0.20477168645911858, 1.0143092286722188, 0.888499797133796, 0.8491677510767166, 0.1392041698982781, -2.0393448445880464]
9884	[0.462391575131072, 1.0921490502626527, 0.7457262490951058, 0.7489926184074737, 0.11934656573924791, 0.13837868256088395]
9885	[0.3855569018636207, 1.0165134512886906, 0.7159784199366666, 0.7066857786271314, 0.1623259331387855, -0.09500746892654009]
9886	[0.44069012978524, 0.9890360514942159, 0.7534100718642851, 0.7430149286850583, 0.130978196453728, -0.21236861353320935]
9887	[0.2590529146553129, 1.043893644512781, 0.6711227438081852, 0.6574020056141188, 0.17334975616284404, -0.12762006283228716]
9888	[0.12730350826142545, 1.0448139115311743, 0.6839040534293855, 0.6586099946688793, 0.20042965667114243, -0.2886830425978002]
9889	[0.2701695558747361, 1.0687663469230202, 0.6447849993342335, 0.6459487484255464, 0.15475874605601986, 0.06630587544897044]
9890	[0.3187253611665145, 0.9907910440618066, 0.6613405721844253, 0.6588720016891645, 0.14382218148594955, 0.07992832520432502]
9891	[0.32950066156425917, 0.9845049031952914, 0.6571519552732444, 0.6605315374284816, 0.14364334462458944, 0.06843693889557714]
9892	[0.16330863575394672, 1.0420508655204777, 0.6985006415935857, 0.6659606276512576, 0.2026004180132854, -0.3333466342932592]
9893	[0.24098803281255754, 1.0635579896087406, 0.633659665684011, 0.6456999350608666, 0.17541953063779286, 0.23773136463442165]
9894	[0.22819198902778026, 1.0700799103797958, 0.6946182691439036, 0.6837733292218103, 0.19997682356531277, -0.1062355963707991]
9895	[0.26542832233367364, 0.9930545730217214, 0.626519135860204, 0.636345810864724, 0.15018919938225192, 0.1735858740803607]
9896	[0.3629154588316057, 0.9961285008081487, 0.659723818176051, 0.6611727447133608, 0.14543886999145994, 0.14845568929884465]
9897	[0.27239106821535974, 1.0350803909689934, 0.6215718134384818, 0.6348587988217865, 0.16420797697865971, 0.22494204746098634]
9898	[0.46198462227440606, 1.0309212884449386, 0.7212928097397853, 0.7260536561565942, 0.1288542773895874, 0.18135979537166771]
9899	[0.2519888624603831, 1.0665604506221245, 0.6479228641602928, 0.6489247399788078, 0.1616571352516452, 0.06294767793472175]
9900	[0.277737194883538, 1.0279126662436155, 0.7226960245516537, 0.693185331624484, 0.1796500526066502, -0.2513748635921063]
9901	[0.19951077510667437, 1.0133814615788561, 0.7111751718360015, 0.6777854600963064, 0.185012568493783, -0.34358363059322594]
9902	[0.21322272412590815, 1.006305124544214, 0.6476949691747955, 0.6329980057828608, 0.18988355316390385, -0.03839950305716969]
9903	[0.2597474386587064, 1.0825078479323416, 0.7111232190690588, 0.7033698991769931, 0.18411449701702143, -0.07914132934521703]
9904	[0.38755081010671133, 1.0684412139684438, 0.7156491750664258, 0.7126891993896709, 0.16320674288396303, 0.05506452576966071]
9905	[0.39656186686685757, 1.1265541748067243, 0.7144992553228859, 0.7155866285260756, 0.13598558307872666, 0.1492464533565704]
9906	[0.20615450600358975, 1.0317694040734307, 0.6885308605139879, 0.6564324816789493, 0.1933863338387348, -0.30696301042704643]
9907	[0.2649659459767746, 1.014552139340246, 0.7114345070315495, 0.6953739330615027, 0.16085350856388653, -0.21557635311216863]
9908	[0.3476669509831968, 1.1467667754174697, 0.8058023441945702, 0.7901724504751951, 0.14095681926566914, -0.5540844034665148]
9909	[0.21591444168057972, 1.0568277482746888, 0.7706235976071872, 0.7332454284990728, 0.17309434414007427, -0.7293846159386063]
9910	[0.4659842614199372, 1.211776856225079, 0.9137975733123501, 0.9055981654496009, 0.10190544490020213, -0.8556721273972296]
9911	[0.22519397437882882, 1.0455333440542687, 0.6190084271259516, 0.6270789573841856, 0.16694631849189503, 0.1315652008787153]
9912	[0.2820759406494563, 1.0678667878232373, 0.7143630039541944, 0.7033849437806089, 0.18484647817315897, -0.11727210422865869]
9913	[0.33500717014203896, 1.1213202040285892, 0.721140956362274, 0.716190042896732, 0.18609435682233708, -0.03577026163721607]
9914	[0.4715157456313337, 1.0857722716062268, 0.7476136720961264, 0.7407637881818709, 0.11968153659330286, 0.09438293594125702]
9915	[0.18051013484523726, 1.0611975646449068, 0.6478239696481644, 0.6273576364512492, 0.18981131819309724, -0.22728020626485682]
9916	[0.20846511624655084, 1.0538035678478561, 0.61742251761594, 0.6201336882039592, 0.1902470016344048, 0.03745527329829636]
9917	[0.4145180525608563, 1.0139557577008662, 0.7309279020500765, 0.7255029629781442, 0.12314365666202606, 0.010210194323739806]
9918	[0.2766785279129428, 1.0391652168354226, 0.6770992790361486, 0.6630497541067897, 0.18173297475473468, -0.06327832425846328]
9919	[0.6516531515557521, 1.0651599446500932, 0.9602564118628261, 0.9503177118821423, 0.05096030763208612, -1.410090771696617]
9920	[0.2968921363400998, 1.013123103072197, 0.7182265502451558, 0.6918006742550271, 0.17372663272930713, -0.22236035653954905]
9921	[0.28633715250880176, 0.9835098656547828, 0.6503972474399025, 0.6515678065739368, 0.14827858014022166, 0.01436138601685428]
9922	[0.7551595598557078, 1.0518010653429213, 0.9227222882985421, 0.917157907802875, 0.05036198630272657, -0.6065653258284646]
9923	[0.2844055886237864, 1.161779124035736, 0.703504799440668, 0.7077500098333592, 0.15556619991889448, 0.13290697146878683]
9924	[0.28184687813808285, 1.0543168144940533, 0.7172288518845976, 0.6819995758085412, 0.17041471243162246, -0.35400006925380006]
9925	[0.10132065450115857, 1.076597099513022, 0.7902790583772423, 0.7625476417997991, 0.16266234611729716, -0.8809011412541802]
9926	[0.32626293543313556, 1.2109812330452838, 0.8675171327434215, 0.834733343123936, 0.16288210379068377, -0.6192968259156393]
9927	[0.4989755586145782, 1.0307735103558304, 0.8698402476872199, 0.8546530848509098, 0.09409212620476334, -0.6414278030790922]
9928	[0.27527215143811523, 0.9935378685354815, 0.6812580940089792, 0.670769038134772, 0.15506760006545797, -0.1605723569724179]
9929	[0.36947209193657427, 1.045988643550918, 0.7887255504246555, 0.7651469304232598, 0.1387468556630497, -0.5125426163400141]
9930	[0.3500215993427733, 1.0386840189138986, 0.7283394260187797, 0.7178763986186802, 0.13486902934810818, -0.26563782614299686]
9931	[0.3759910660775908, 1.0329109868450896, 0.7692956718407415, 0.7610916540467533, 0.13491540026128143, -0.24697639838874627]
9932	[0.5473152972544462, 1.150886426702712, 0.8820716393943151, 0.8776638461596425, 0.09900816812681063, -0.28444526268032383]
9933	[0.63200503178777, 1.150886426702712, 0.928333746413258, 0.913373607647275, 0.08035685453616948, -0.6059804841234733]
9934	[0.3907534322938505, 0.9912621303780075, 0.7030677765980413, 0.7003309185919846, 0.13485087379729807, -0.007131760701530233]
9935	[0.4947566774035571, 1.0147528395656669, 0.8063018361246124, 0.7929706577085761, 0.10586015068943014, -0.3543894381858996]
9936	[0.26390915810625104, 1.0123984166404696, 0.6724234087707965, 0.6573408277883588, 0.18465430211920375, -0.1056183018006051]
9937	[0.22298966305033963, 1.139528164151859, 0.6358572791841731, 0.624123682628271, 0.17664315267657307, -0.016267350976556367]
9938	[0.23689238331524176, 1.0376401219164009, 0.6375283601645185, 0.6377679310268245, 0.15373252760663936, 0.19907380886835793]
9939	[0.38646123317415293, 1.0041862833387503, 0.691503667666926, 0.6876737039088712, 0.13634840558631048, 0.08634027070930773]
9940	[0.4098393958585559, 1.0125045895289109, 0.6972183888551828, 0.6988878843988571, 0.13621676234421598, 0.07398547151741461]
9941	[0.4707712251372167, 1.076895412891699, 0.7571110380767754, 0.7604035478932211, 0.11969099319686127, 0.0878356224857312]
9942	[0.31021143103258386, 1.1766215565788791, 0.7355311232253401, 0.7175823352347089, 0.14652746606700906, -0.334770377637451]
9943	[0.6373716854449185, 1.218019362657185, 0.9257596742376326, 0.9147764442708808, 0.07392944864754554, -0.4322657757205734]
9944	[0.3904104012548252, 1.06758587315472, 0.7319751050219092, 0.7269743110800111, 0.13741364777163825, -0.05446678093380493]
9945	[0.4728802408515177, 1.0885986943507284, 0.886680455650918, 0.858018045899791, 0.12418126497699272, -0.8934627747200415]
9946	[0.35605601250423113, 1.0493026570427015, 0.6963456926009581, 0.6913789340327722, 0.16591752816353383, 0.0019920513284689178]
9947	[0.4468746638431157, 1.0160836205756236, 0.7645265517517081, 0.7614939593831819, 0.11425423365352012, -0.06407705182839568]
9948	[0.3233879469049732, 1.0125471639926096, 0.6601636735792995, 0.65474377675641, 0.14741029794208127, 0.031826180391560745]
9949	[0.17891502307074292, 1.0965660823194596, 0.894364452754457, 0.8644038584879853, 0.14638451428077331, -1.8867095313827262]
9950	[0.6773706707588236, 1.1986861952439032, 0.9604582137831896, 0.9561565959633543, 0.05406712248604156, -0.55562874274156]
9951	[0.26711483758789434, 1.0419254628687096, 0.7333036629289749, 0.7029569888546509, 0.17804832249571984, -0.39625232963380247]
9952	[0.623860465678503, 0.9922823525759786, 0.8691601759519934, 0.8541947575209369, 0.07324010894027323, -0.6058519615634991]
9953	[0.4756324547204934, 0.9895270295680367, 0.7433380371467742, 0.7368107569043976, 0.11280600412811514, -0.08178296053744087]
9954	[0.36448814553846076, 1.054030855460303, 0.7474886538974703, 0.72467517752188, 0.15953668188983275, -0.20351484102564876]
9955	[0.3720368342273783, 1.0646903576762627, 0.7136882814016122, 0.7151176433512452, 0.14007338598625754, 0.05168336595205512]
9956	[0.3233879469049732, 0.9916591193318904, 0.6637818304630585, 0.6575820615347933, 0.14405702185491082, 0.00932984037540359]
9957	[0.16432787720957875, 1.0280716244747719, 0.912162372920871, 0.873025586975093, 0.14001904893142195, -2.4718510629113313]
9958	[0.2479136128895092, 1.0182041071061823, 0.6611416409523485, 0.6606506158490983, 0.14995241432047932, 0.03394317484159177]
9959	[0.2608299833428739, 1.025251965506127, 0.6672452637561419, 0.6638764198619713, 0.15392094581293064, -0.08070380825181198]
9960	[0.23689238331524176, 0.9972687298011504, 0.6328486131164055, 0.634473225205207, 0.15117559412268472, 0.12751741686752918]
9961	[0.4079551048412574, 1.1743575692408863, 0.7330828879897994, 0.7525358574271268, 0.14771286372211767, 0.3425819833467257]
9962	[0.24020050115325253, 1.0974547223372315, 0.7351162505898101, 0.7212494081688132, 0.15651094471448312, -0.4277387876248599]
9963	[0.15455447666251876, 1.0002970551031451, 0.6054446387657925, 0.5989584244010047, 0.1949712731594335, -0.06769690759283832]
9964	[0.22519397437882882, 1.017479643968659, 0.6163382763059229, 0.6296286814050401, 0.1746817570879602, 0.11546704982143009]
9965	[0.5549578198819387, 1.037765086643662, 0.8062442264246148, 0.8041652192880049, 0.09229706316638016, -0.09734319702654864]
9966	[0.27527215143811523, 1.0044419158258184, 0.6960085943666963, 0.6777770336052272, 0.15872068431041075, -0.29095776945901547]
9967	[0.2848134936786324, 0.9912408653864573, 0.6736728135181058, 0.6733125455900424, 0.15345781050718652, -0.10784622821824376]
9968	[0.29666524347004597, 1.3089470211341534, 0.7929365504531675, 0.7883566073520101, 0.16482799324981492, -0.09574038329218194]
9969	[0.20029614320970857, 1.0855161810414655, 0.6324952427600257, 0.6446814339128948, 0.18471591579349542, 0.07735896446652231]
9970	[0.36418133655891727, 1.050998157441503, 0.763326305917792, 0.7437761361017318, 0.14346519437471345, -0.3786086006333297]
9971	[0.22745316399245574, 1.0903125128200757, 0.8898146929507453, 0.856011769667861, 0.13949235356477604, -1.965562675191858]
9972	[0.2983351062214521, 1.0384729860469986, 0.6448984234692452, 0.6626223848887897, 0.14787454234331696, 0.2780733842209181]
9973	[0.30963631299484273, 0.9849979664802435, 0.7423928782762043, 0.7230363875812322, 0.146952906248039, -0.34899662808024573]
9974	[0.21314024584998958, 1.1327453735768307, 0.6836927258058503, 0.6803591031795718, 0.20747117429251308, 0.015108721642881523]
9975	[0.37238574285659276, 1.1224499135889268, 0.7094271649336925, 0.7143978056973211, 0.1390047562016931, 0.1450021285156322]
9976	[0.26339086445166005, 1.120842984055167, 0.6547791624435125, 0.669137517866654, 0.17112719221823686, 0.13357872370260335]
9977	[0.2358438347398928, 1.0230858357876378, 0.612536715337012, 0.6105995125881064, 0.17088076605615354, 0.10220223115634006]
9978	[0.30851914970442196, 1.0420869274942721, 0.7207427062792465, 0.6977853342426916, 0.16809214657045252, -0.24155423092385128]
9979	[0.3450615416621655, 1.030455079034708, 0.6640162444204012, 0.6621717370880343, 0.1440320537019399, 0.06084317759858233]
9980	[0.30728892155494336, 1.0081878880138009, 0.698373294567235, 0.6786947479771329, 0.16867969019265164, -0.2278191888378833]
9981	[0.2853627486430498, 1.141227062089693, 0.6732805889561728, 0.6670205023625655, 0.1724600229105991, 0.02402077975978687]
9982	[0.4587870487971534, 0.9977105788303133, 0.7522521279123959, 0.7481538859415767, 0.12674469783499395, -0.11463405038717554]
9983	[0.2899721402296742, 1.0628328045506907, 0.6261369869835574, 0.6438796889060748, 0.167933707148047, 0.3039868167357243]
9984	[0.44351607462278864, 1.2292504606762809, 0.84312513656018, 0.8309672992998837, 0.12204059821640036, -0.47104595102950136]
9985	[0.29568541994600794, 1.0401522484230212, 0.6821465994237481, 0.6738849642081924, 0.14939402637329935, -0.06723599269266788]
9986	[0.17912711873026732, 1.062490154417275, 0.8333222243738712, 0.804579947687066, 0.16461421990847316, -1.118592814672326]
9987	[0.23858025632838076, 1.0114716453764427, 0.6562480369393848, 0.6422028892183966, 0.1769823075779171, -0.12001785708197357]
9988	[0.19264038682266993, 1.0044656249399846, 0.6201785085025651, 0.6257853189240878, 0.1553742439221877, 0.1498945423540649]
9989	[0.19955187524930273, 1.1607744104021922, 0.6990401615895263, 0.6893198024642254, 0.17824842731565577, -0.1937438156385131]
9990	[0.41603043860071276, 0.9920951688222661, 0.7140185248108876, 0.7095311325996869, 0.12864624135975009, -0.022172603434169196]
9991	[0.20206589215934223, 1.0882942564312865, 0.6634674971716338, 0.6637821890272915, 0.17398044888090375, -0.06078699134611914]
9992	[0.38805649523312646, 1.1497451962563463, 0.7131947030362835, 0.7251631831691883, 0.15583835887607955, 0.3499359315729471]
9993	[0.33904250417167825, 1.0867079574014225, 0.7819953406820508, 0.7649492664869574, 0.1586695917438225, -0.34529425559188914]
9994	[0.4107732827403915, 0.9817148261938615, 0.7268569360015776, 0.7175695963697587, 0.13125842224033624, -0.0699181618795787]
9995	[0.2106400116003666, 0.99102857407728, 0.6798153392730643, 0.647966554951724, 0.18977231367690187, -0.2606530849199456]
9996	[0.3944296922773515, 1.0257494831011242, 0.8071685476149302, 0.7868462526881322, 0.13068902317114608, -0.5426999011411753]
9997	[0.48022952316018186, 1.1015528369499001, 0.7329391707972042, 0.7496164633842086, 0.12813039061383144, 0.3768147389273638]
9998	[0.14908478438322437, 1.0977009038943433, 0.6661645458490715, 0.6435456834945933, 0.20209715402448705, -0.19414717997368755]
9999	[0.28351330645813744, 0.9789997824997562, 0.6717346921381468, 0.6604399400753619, 0.1573032310381923, -0.14457187338626773]
